company_name;company_type;product_name_std;product_sku_std;category_std;price_std;currency_std;uom_std;available_from_dt;source_url;scrape_run_id;
Aquario;Производитель;Joker1-100VS;;Насосы;48245.0;RUB;шт;2025-11-14T15:48:09.349661;https://aquario.ru/catalog-primary;88dda2b9-87ea-429f-9239-742db757dc4c;
Aquario;Производитель;ADB-35;;Насосы;7924.0;RUB;шт;2025-11-14T15:48:09.349661;https://aquario.ru/catalog-primary;88dda2b9-87ea-429f-9239-742db757dc4c;
Aquario;Производитель;ADB-40;;Насосы;8925.0;RUB;шт;2025-11-14T15:48:09.349661;https://aquario.ru/catalog-primary;88dda2b9-87ea-429f-9239-742db757dc4c;
Aquario;Производитель;ADB-60;;Насосы;12584.0;RUB;шт;2025-11-14T15:48:09.357663;https://aquario.ru/catalog-primary;88dda2b9-87ea-429f-9239-742db757dc4c;
Aquario;Производитель;HMS-10-30;;Насосы;50133.0;RUB;шт;2025-11-14T15:48:09.357663;https://aquario.ru/catalog-primary;88dda2b9-87ea-429f-9239-742db757dc4c;
Aquario;Производитель;HMS(T)-10-30;;Насосы;45100.0;RUB;шт;2025-11-14T15:48:09.357663;https://aquario.ru/catalog-primary;88dda2b9-87ea-429f-9239-742db757dc4c;
Aquario;Производитель;HMS(T)-10-43;;Насосы;47407.0;RUB;шт;2025-11-14T15:48:09.357663;https://aquario.ru/catalog-primary;88dda2b9-87ea-429f-9239-742db757dc4c;
Aquario;Производитель;APM-50;;Насосы;11653.0;RUB;шт;2025-11-14T15:48:09.365663;https://aquario.ru/catalog-primary;88dda2b9-87ea-429f-9239-742db757dc4c;
Aquario;Производитель;APM-80;;Насосы;16613.0;RUB;шт;2025-11-14T15:48:09.365663;https://aquario.ru/catalog-primary;88dda2b9-87ea-429f-9239-742db757dc4c;
Aquario;Производитель;APM-100;;Насосы;19927.0;RUB;шт;2025-11-14T15:48:09.365663;https://aquario.ru/catalog-primary;88dda2b9-87ea-429f-9239-742db757dc4c;
Aquario;Производитель;AJC-61C;;Насосы;13891.0;RUB;шт;2025-11-14T15:48:09.365663;https://aquario.ru/catalog-primary;88dda2b9-87ea-429f-9239-742db757dc4c;
Aquario;Производитель;AJC-60С;;Насосы;13635.0;RUB;шт;2025-11-14T15:48:09.373797;https://aquario.ru/catalog-primary;88dda2b9-87ea-429f-9239-742db757dc4c;
Aquario;Производитель;AJC-81;;Насосы;16613.0;RUB;шт;2025-11-14T15:48:09.373797;https://aquario.ru/catalog-primary;88dda2b9-87ea-429f-9239-742db757dc4c;
Aquario;Производитель;AJC-101B SAHARA;;Насосы;19865.0;RUB;шт;2025-11-14T15:48:09.373797;https://aquario.ru/catalog-primary;88dda2b9-87ea-429f-9239-742db757dc4c;
Aquario;Производитель;AJC-125C SAHARA;;Насосы;21815.0;RUB;шт;2025-11-14T15:48:09.381995;https://aquario.ru/catalog-primary;88dda2b9-87ea-429f-9239-742db757dc4c;
Aquario;Производитель;AJS-60A;;Насосы;16885.0;RUB;шт;2025-11-14T15:48:09.381995;https://aquario.ru/catalog-primary;88dda2b9-87ea-429f-9239-742db757dc4c;
Aquario;Производитель;AJS-100A;;Насосы;23075.0;RUB;шт;2025-11-14T15:48:09.381995;https://aquario.ru/catalog-primary;88dda2b9-87ea-429f-9239-742db757dc4c;
Aquario;Производитель;AJS-125A;;Насосы;26640.0;RUB;шт;2025-11-14T15:48:09.389998;https://aquario.ru/catalog-primary;88dda2b9-87ea-429f-9239-742db757dc4c;
Aquario;Производитель;ADP-355;;Насосы;24493.0;RUB;шт;2025-11-14T15:48:09.390190;https://aquario.ru/catalog-primary;88dda2b9-87ea-429f-9239-742db757dc4c;
Aquario;Производитель;AMH-60-4P;;Насосы;20976.0;RUB;шт;2025-11-14T15:48:09.390190;https://aquario.ru/catalog-primary;88dda2b9-87ea-429f-9239-742db757dc4c;
Aquario;Производитель;AMH-80-4P;;Насосы;27060.0;RUB;шт;2025-11-14T15:48:09.390190;https://aquario.ru/catalog-primary;88dda2b9-87ea-429f-9239-742db757dc4c;
Aquario;Производитель;AMH-100-6P;;Насосы;28318.0;RUB;шт;2025-11-14T15:48:09.390190;https://aquario.ru/catalog-primary;88dda2b9-87ea-429f-9239-742db757dc4c;
Aquario;Производитель;AMH-100-9P;;Насосы;30416.0;RUB;шт;2025-11-14T15:48:09.390190;https://aquario.ru/catalog-primary;88dda2b9-87ea-429f-9239-742db757dc4c;
Aquario;Производитель;AMH-150-9P;;Насосы;40065.0;RUB;шт;2025-11-14T15:48:09.398189;https://aquario.ru/catalog-primary;88dda2b9-87ea-429f-9239-742db757dc4c;
Aquario;Производитель;AMH-200-9P-VIP;;Насосы;96491.0;RUB;шт;2025-11-14T15:48:09.398189;https://aquario.ru/catalog-primary;88dda2b9-87ea-429f-9239-742db757dc4c;
Aquario;Производитель;AMH(T)220-10P;;Насосы;43211.0;RUB;шт;2025-11-14T15:48:09.398189;https://aquario.ru/catalog-primary;88dda2b9-87ea-429f-9239-742db757dc4c;
Aquario;Производитель;AMH(T)-125-6P;;Насосы;31675.0;RUB;шт;2025-11-14T15:48:09.398189;https://aquario.ru/catalog-primary;88dda2b9-87ea-429f-9239-742db757dc4c;
Aquario;Производитель;AMH(T)-180-10P;;Насосы;41744.0;RUB;шт;2025-11-14T15:48:09.406327;https://aquario.ru/catalog-primary;88dda2b9-87ea-429f-9239-742db757dc4c;
Aquario;Производитель;AUTO ADB-35-mini;;Насосы;11327.0;RUB;шт;2025-11-14T15:48:09.406327;https://aquario.ru/catalog-primary;88dda2b9-87ea-429f-9239-742db757dc4c;
Aquario;Производитель;AUTO ADB-35(8L);;Насосы;14305.0;RUB;шт;2025-11-14T15:48:09.406327;https://aquario.ru/catalog-primary;88dda2b9-87ea-429f-9239-742db757dc4c;
Aquario;Производитель;AUTO ADB-35;;Насосы;16047.0;RUB;шт;2025-11-14T15:48:09.414465;https://aquario.ru/catalog-primary;88dda2b9-87ea-429f-9239-742db757dc4c;
Aquario;Производитель;AUTO AJC-60C;;Насосы;21438.0;RUB;шт;2025-11-14T15:48:09.414465;https://aquario.ru/catalog-primary;88dda2b9-87ea-429f-9239-742db757dc4c;
Aquario;Производитель;AUTO AJC-61C(M);;Насосы;27375.0;RUB;шт;2025-11-14T15:48:09.414465;https://aquario.ru/catalog-primary;88dda2b9-87ea-429f-9239-742db757dc4c;
Aquario;Производитель;AUTO AJC-60C(H);;Насосы;23284.0;RUB;шт;2025-11-14T15:48:09.414465;https://aquario.ru/catalog-primary;88dda2b9-87ea-429f-9239-742db757dc4c;
Aquario;Производитель;AUTO AJS-60A(M);;Насосы;31193.0;RUB;шт;2025-11-14T15:48:09.414465;https://aquario.ru/catalog-primary;88dda2b9-87ea-429f-9239-742db757dc4c;
Aquario;Производитель;AUTO AJS-60A;;Насосы;24898.0;RUB;шт;2025-11-14T15:48:09.422465;https://aquario.ru/catalog-primary;88dda2b9-87ea-429f-9239-742db757dc4c;
Aquario;Производитель;AUTO AJS-100A(M);;Насосы;38135.0;RUB;шт;2025-11-14T15:48:09.422465;https://aquario.ru/catalog-primary;88dda2b9-87ea-429f-9239-742db757dc4c;
Aquario;Производитель;AUTO AMH-60-4P;;Насосы;30731.0;RUB;шт;2025-11-14T15:48:09.422465;https://aquario.ru/catalog-primary;88dda2b9-87ea-429f-9239-742db757dc4c;
Aquario;Производитель;AUTO AMH-80-4P(M);;Насосы;44680.0;RUB;шт;2025-11-14T15:48:09.422465;https://aquario.ru/catalog-primary;88dda2b9-87ea-429f-9239-742db757dc4c;
Aquario;Производитель;AUTO AMH-80-4P;;Насосы;38387.0;RUB;шт;2025-11-14T15:48:09.430630;https://aquario.ru/catalog-primary;88dda2b9-87ea-429f-9239-742db757dc4c;
Aquario;Производитель;AJC-60C-FС;;Насосы;19718.0;RUB;шт;2025-11-14T15:48:09.430630;https://aquario.ru/catalog-primary;88dda2b9-87ea-429f-9239-742db757dc4c;
Aquario;Производитель;AJC-61C-FC;;Насосы;20033.0;RUB;шт;2025-11-14T15:48:09.430630;https://aquario.ru/catalog-primary;88dda2b9-87ea-429f-9239-742db757dc4c;
Aquario;Производитель;AJC-81-FС;;Насосы;23913.0;RUB;шт;2025-11-14T15:48:09.438738;https://aquario.ru/catalog-primary;88dda2b9-87ea-429f-9239-742db757dc4c;
Aquario;Производитель;AJS-100A-FС;;Насосы;30625.0;RUB;шт;2025-11-14T15:48:09.438738;https://aquario.ru/catalog-primary;88dda2b9-87ea-429f-9239-742db757dc4c;
Aquario;Производитель;AJS-60A-FС;;Насосы;24438.0;RUB;шт;2025-11-14T15:48:09.438738;https://aquario.ru/catalog-primary;88dda2b9-87ea-429f-9239-742db757dc4c;
Aquario;Производитель;АМН-60-4P-FС;;Насосы;29156.0;RUB;шт;2025-11-14T15:48:09.446916;https://aquario.ru/catalog-primary;88dda2b9-87ea-429f-9239-742db757dc4c;
Aquario;Производитель;AMH-80-4P-FC;;Насосы;34611.0;RUB;шт;2025-11-14T15:48:09.446916;https://aquario.ru/catalog-primary;88dda2b9-87ea-429f-9239-742db757dc4c;
Aquario;Производитель;ASP1E-27-75;;Насосы;16736.0;RUB;шт;2025-11-14T15:48:09.446916;https://aquario.ru/catalog-primary;88dda2b9-87ea-429f-9239-742db757dc4c;
Aquario;Производитель;ASP1E-35-75;;Насосы;17976.0;RUB;шт;2025-11-14T15:48:09.446916;https://aquario.ru/catalog-primary;88dda2b9-87ea-429f-9239-742db757dc4c;
Aquario;Производитель;ASP1E-75-75;;Насосы;30205.0;RUB;шт;2025-11-14T15:48:09.455034;https://aquario.ru/catalog-primary;88dda2b9-87ea-429f-9239-742db757dc4c;
Aquario;Производитель;ASP1.5C-40-75;;Насосы;32933.0;RUB;шт;2025-11-14T15:48:09.455034;https://aquario.ru/catalog-primary;88dda2b9-87ea-429f-9239-742db757dc4c;
Aquario;Производитель;ASP1.5С-60-75(P);;Насосы;39620.0;RUB;шт;2025-11-14T15:48:09.455034;https://aquario.ru/catalog-primary;88dda2b9-87ea-429f-9239-742db757dc4c;
Aquario;Производитель;ASP1.5C-60-75;;Насосы;36949.0;RUB;шт;2025-11-14T15:48:09.455034;https://aquario.ru/catalog-primary;88dda2b9-87ea-429f-9239-742db757dc4c;
Aquario;Производитель;ASP2B-70-100BE;;Насосы;34118.0;RUB;шт;2025-11-14T15:48:09.463054;https://aquario.ru/catalog-primary;88dda2b9-87ea-429f-9239-742db757dc4c;
Aquario;Производитель;ASP2B-100-100BE;;Насосы;40380.0;RUB;шт;2025-11-14T15:48:09.463054;https://aquario.ru/catalog-primary;88dda2b9-87ea-429f-9239-742db757dc4c;
Aquario;Производитель;ASP2B-140-100BE;;Насосы;47396.0;RUB;шт;2025-11-14T15:48:09.463054;https://aquario.ru/catalog-primary;88dda2b9-87ea-429f-9239-742db757dc4c;
Aquario;Производитель;ASP(T)5B-90-100BE;;Насосы;65091.0;RUB;шт;2025-11-14T15:48:09.471207;https://aquario.ru/catalog-primary;88dda2b9-87ea-429f-9239-742db757dc4c;
Aquario;Производитель;ASP(T)5B-120-100BE;;Насосы;78136.0;RUB;шт;2025-11-14T15:48:09.471207;https://aquario.ru/catalog-primary;88dda2b9-87ea-429f-9239-742db757dc4c;
Aquario;Производитель;ASP(T)5B-160-100BE;;Насосы;90618.0;RUB;шт;2025-11-14T15:48:09.471207;https://aquario.ru/catalog-primary;88dda2b9-87ea-429f-9239-742db757dc4c;
Aquario;Производитель;ASP2-25-100WA;;Насосы;23640.0;RUB;шт;2025-11-14T15:48:09.479378;https://aquario.ru/catalog-primary;88dda2b9-87ea-429f-9239-742db757dc4c;
Aquario;Производитель;ASP3-35-100WA;;Насосы;27395.0;RUB;шт;2025-11-14T15:48:09.479378;https://aquario.ru/catalog-primary;88dda2b9-87ea-429f-9239-742db757dc4c;
Aquario;Производитель;ASP2-40-100WA;;Насосы;29156.0;RUB;шт;2025-11-14T15:48:09.479378;https://aquario.ru/catalog-primary;88dda2b9-87ea-429f-9239-742db757dc4c;
Aquario;Производитель;ASP2-25-100W-FC;;Насосы;34611.0;RUB;шт;2025-11-14T15:48:09.479378;https://aquario.ru/catalog-primary;88dda2b9-87ea-429f-9239-742db757dc4c;
Aquario;Производитель;ASP3-35-100W-FC;;Насосы;36709.0;RUB;шт;2025-11-14T15:48:09.487582;https://aquario.ru/catalog-primary;88dda2b9-87ea-429f-9239-742db757dc4c;
Aquario;Производитель;FREEDIVER ASP3-22;;Насосы;23178.0;RUB;шт;2025-11-14T15:48:09.487582;https://aquario.ru/catalog-primary;88dda2b9-87ea-429f-9239-742db757dc4c;
Aquario;Производитель;FREEDIVER ASP3-30;;Насосы;24124.0;RUB;шт;2025-11-14T15:48:09.487582;https://aquario.ru/catalog-primary;88dda2b9-87ea-429f-9239-742db757dc4c;
Aquario;Производитель;FREEDIVER ASP3-30A;;Насосы;33142.0;RUB;шт;2025-11-14T15:48:09.495585;https://aquario.ru/catalog-primary;88dda2b9-87ea-429f-9239-742db757dc4c;
Aquario;Производитель;ADS-260-5E (mini);;Насосы;5911.0;RUB;шт;2025-11-14T15:48:09.495585;https://aquario.ru/catalog-primary;88dda2b9-87ea-429f-9239-742db757dc4c;
Aquario;Производитель;ADS-500-5E/Compact;;Насосы;8160.0;RUB;шт;2025-11-14T15:48:09.495585;https://aquario.ru/catalog-primary;88dda2b9-87ea-429f-9239-742db757dc4c;
Aquario;Производитель;ADS-400-5E/Compact;;Насосы;7531.0;RUB;шт;2025-11-14T15:48:09.503675;https://aquario.ru/catalog-primary;88dda2b9-87ea-429f-9239-742db757dc4c;
Aquario;Производитель;ADS-900;;Насосы;7340.0;RUB;шт;2025-11-14T15:48:09.503675;https://aquario.ru/catalog-primary;88dda2b9-87ea-429f-9239-742db757dc4c;
Aquario;Производитель;ADS-1500;;Насосы;8285.0;RUB;шт;2025-11-14T15:48:09.503675;https://aquario.ru/catalog-primary;88dda2b9-87ea-429f-9239-742db757dc4c;
Aquario;Производитель;ADS-1700;;Насосы;9020.0;RUB;шт;2025-11-14T15:48:09.511861;https://aquario.ru/catalog-primary;88dda2b9-87ea-429f-9239-742db757dc4c;
Aquario;Производитель;GRINDER-100;;Насосы;48455.0;RUB;шт;2025-11-14T15:48:09.511861;https://aquario.ru/catalog-primary;88dda2b9-87ea-429f-9239-742db757dc4c;
Aquario;Производитель;GRINDER-150;;Насосы;53909.0;RUB;шт;2025-11-14T15:48:09.511861;https://aquario.ru/catalog-primary;88dda2b9-87ea-429f-9239-742db757dc4c;
Aquario;Производитель;GRINDER-200;;Насосы;104022.0;RUB;шт;2025-11-14T15:48:09.511861;https://aquario.ru/catalog-primary;88dda2b9-87ea-429f-9239-742db757dc4c;
Aquario;Производитель;Vortex 4-7SS;;Насосы;27164.0;RUB;шт;2025-11-14T15:48:09.520011;https://aquario.ru/catalog-primary;88dda2b9-87ea-429f-9239-742db757dc4c;
Aquario;Производитель;Vortex 4-4SS;;Насосы;24302.0;RUB;шт;2025-11-14T15:48:09.520011;https://aquario.ru/catalog-primary;88dda2b9-87ea-429f-9239-742db757dc4c;
Aquario;Производитель;Vortex 12-5C;;Насосы;37755.0;RUB;шт;2025-11-14T15:48:09.520011;https://aquario.ru/catalog-primary;88dda2b9-87ea-429f-9239-742db757dc4c;
Aquario;Производитель;Vortex 15-8C;;Насосы;43525.0;RUB;шт;2025-11-14T15:48:09.520011;https://aquario.ru/catalog-primary;88dda2b9-87ea-429f-9239-742db757dc4c;
Aquario;Производитель;Vortex 18-8C;;Насосы;45680.0;RUB;шт;2025-11-14T15:48:09.520011;https://aquario.ru/catalog-primary;88dda2b9-87ea-429f-9239-742db757dc4c;
Aquario;Производитель;Vortex 30-12TC;;Насосы;121785.0;RUB;шт;2025-11-14T15:48:09.520011;https://aquario.ru/catalog-primary;88dda2b9-87ea-429f-9239-742db757dc4c;
Aquario;Производитель;Vortex 35-14TC;;Насосы;149082.0;RUB;шт;2025-11-14T15:48:09.528013;https://aquario.ru/catalog-primary;88dda2b9-87ea-429f-9239-742db757dc4c;
Aquario;Производитель;AC 204-130;;Насосы;6502.0;RUB;шт;2025-11-14T15:48:09.528013;https://aquario.ru/catalog-primary;88dda2b9-87ea-429f-9239-742db757dc4c;
Aquario;Производитель;AC 254-130;;Насосы;6649.0;RUB;шт;2025-11-14T15:48:09.528013;https://aquario.ru/catalog-primary;88dda2b9-87ea-429f-9239-742db757dc4c;
Aquario;Производитель;AC 254-180;;Насосы;6713.0;RUB;шт;2025-11-14T15:48:09.528013;https://aquario.ru/catalog-primary;88dda2b9-87ea-429f-9239-742db757dc4c;
Aquario;Производитель;AC(T) 8-8-40F;;Насосы;47453.0;RUB;шт;2025-11-14T15:48:09.528013;https://aquario.ru/catalog-primary;88dda2b9-87ea-429f-9239-742db757dc4c;
Aquario;Производитель;AC(T) 8-12.5-40F;;Насосы;60391.0;RUB;шт;2025-11-14T15:48:09.540930;https://aquario.ru/catalog-primary;88dda2b9-87ea-429f-9239-742db757dc4c;
Aquario;Производитель;AC(T) 14-8-50F;;Насосы;60391.0;RUB;шт;2025-11-14T15:48:09.540930;https://aquario.ru/catalog-primary;88dda2b9-87ea-429f-9239-742db757dc4c;
Aquario;Производитель;AC 206-130;;Насосы;7236.0;RUB;шт;2025-11-14T15:48:09.540930;https://aquario.ru/catalog-primary;88dda2b9-87ea-429f-9239-742db757dc4c;
Aquario;Производитель;AC 256-130;;Насосы;7489.0;RUB;шт;2025-11-14T15:48:09.548938;https://aquario.ru/catalog-primary;88dda2b9-87ea-429f-9239-742db757dc4c;
Aquario;Производитель;AC 256-180;;Насосы;7551.0;RUB;шт;2025-11-14T15:48:09.548938;https://aquario.ru/catalog-primary;88dda2b9-87ea-429f-9239-742db757dc4c;
Aquario;Производитель;AC 328-180;;Насосы;14411.0;RUB;шт;2025-11-14T15:48:09.548938;https://aquario.ru/catalog-primary;88dda2b9-87ea-429f-9239-742db757dc4c;
Aquario;Производитель;AC 258-180;;Насосы;14158.0;RUB;шт;2025-11-14T15:48:09.548938;https://aquario.ru/catalog-primary;88dda2b9-87ea-429f-9239-742db757dc4c;
Aquario;Производитель;AC 5-8-32;;Насосы;28538.0;RUB;шт;2025-11-14T15:48:09.556936;https://aquario.ru/catalog-primary;88dda2b9-87ea-429f-9239-742db757dc4c;
Aquario;Производитель;PRIME-B1-256-130;;Насосы;7636.0;RUB;шт;2025-11-14T15:48:09.556936;https://aquario.ru/catalog-primary;88dda2b9-87ea-429f-9239-742db757dc4c;
Aquario;Производитель;PRIME-B1-256-180;;Насосы;7713.0;RUB;шт;2025-11-14T15:48:09.556936;https://aquario.ru/catalog-primary;88dda2b9-87ea-429f-9239-742db757dc4c;
Aquario;Производитель;PRIME-B1-258-180;;Насосы;10100.0;RUB;шт;2025-11-14T15:48:09.565204;https://aquario.ru/catalog-primary;88dda2b9-87ea-429f-9239-742db757dc4c;
Aquario;Производитель;PRIME-A1-156-130;;Насосы;15764.0;RUB;шт;2025-11-14T15:48:09.565204;https://aquario.ru/catalog-primary;88dda2b9-87ea-429f-9239-742db757dc4c;
Aquario;Производитель;PRIME-A1-256-130;;Насосы;15931.0;RUB;шт;2025-11-14T15:48:09.565204;https://aquario.ru/catalog-primary;88dda2b9-87ea-429f-9239-742db757dc4c;
Aquario;Производитель;PRIME-A1-256-180;;Насосы;16047.0;RUB;шт;2025-11-14T15:48:09.565204;https://aquario.ru/catalog-primary;88dda2b9-87ea-429f-9239-742db757dc4c;
Aquario;Производитель;PRIME-M2-5-8-32;;Насосы;35660.0;RUB;шт;2025-11-14T15:48:09.573319;https://aquario.ru/catalog-primary;88dda2b9-87ea-429f-9239-742db757dc4c;
Aquario;Производитель;PRIME-M2-5-12-32;;Насосы;39620.0;RUB;шт;2025-11-14T15:48:09.573319;https://aquario.ru/catalog-primary;88dda2b9-87ea-429f-9239-742db757dc4c;
Aquario;Производитель;PRIME-M2-5-8-25;;Насосы;34611.0;RUB;шт;2025-11-14T15:48:09.573319;https://aquario.ru/catalog-primary;88dda2b9-87ea-429f-9239-742db757dc4c;
Aquario;Производитель;AC 8-8-40F;;Насосы;46044.0;RUB;шт;2025-11-14T15:48:09.581321;https://aquario.ru/catalog-primary;88dda2b9-87ea-429f-9239-742db757dc4c;
Aquario;Производитель;AC 6-8-32F;;Насосы;35451.0;RUB;шт;2025-11-14T15:48:09.581321;https://aquario.ru/catalog-primary;88dda2b9-87ea-429f-9239-742db757dc4c;
Aquario;Производитель;AC 8-5-40F;;Насосы;31360.0;RUB;шт;2025-11-14T15:48:09.581321;https://aquario.ru/catalog-primary;88dda2b9-87ea-429f-9239-742db757dc4c;
Aquario;Производитель;AC-154-130HW;;Насосы;7489.0;RUB;шт;2025-11-14T15:48:09.589480;https://aquario.ru/catalog-primary;88dda2b9-87ea-429f-9239-742db757dc4c;
Aquario;Производитель;AC-152-130HWT;;Насосы;11127.0;RUB;шт;2025-11-14T15:48:09.589480;https://aquario.ru/catalog-primary;88dda2b9-87ea-429f-9239-742db757dc4c;
Aquario;Производитель;PRIME-151.5-80HW;;Насосы;12900.0;RUB;шт;2025-11-14T15:48:09.589480;https://aquario.ru/catalog-primary;88dda2b9-87ea-429f-9239-742db757dc4c;
Aquario;Производитель;AC 2512-180;;Насосы;17158.0;RUB;шт;2025-11-14T15:48:09.597598;https://aquario.ru/catalog-primary;88dda2b9-87ea-429f-9239-742db757dc4c;
Aquario;Производитель;AC159-160A;;Насосы;9607.0;RUB;шт;2025-11-14T15:48:09.597598;https://aquario.ru/catalog-primary;88dda2b9-87ea-429f-9239-742db757dc4c;
Aquario;Производитель;AC1512-195A;;Насосы;15836.0;RUB;шт;2025-11-14T15:48:09.597598;https://aquario.ru/catalog-primary;88dda2b9-87ea-429f-9239-742db757dc4c;
Aquario;Производитель;TEMA-400EA;;Насосы;12165.0;RUB;шт;2025-11-14T15:48:09.605776;https://aquario.ru/catalog-primary;88dda2b9-87ea-429f-9239-742db757dc4c;
Aquario;Производитель;AFP-50;;Насосы;5265.0;RUB;шт;2025-11-14T15:48:09.605776;https://aquario.ru/catalog-primary;88dda2b9-87ea-429f-9239-742db757dc4c;
Aquario;Производитель;AFP-120;;Насосы;12376.0;RUB;шт;2025-11-14T15:48:09.605776;https://aquario.ru/catalog-primary;88dda2b9-87ea-429f-9239-742db757dc4c;
Рост-Холдинг;Дистрибьютор;Подшипник ZARN 4075 L TV INA;;Подшипники;21513.0;RUB;шт;2025-11-13T18:31:02.947611;https://rost-holding.ru/products/podshipniki/;0c1654f4-a65d-46a2-83df-c83af0e6e9b8;
Рост-Холдинг;Дистрибьютор;Втулка закрепительная H 320;;Подшипники;4838.0;RUB;шт;2025-11-13T18:31:02.963863;https://rost-holding.ru/products/podshipniki/;0c1654f4-a65d-46a2-83df-c83af0e6e9b8;
Рост-Холдинг;Дистрибьютор;Подшипник 1609 Л;;Подшипники;6491.0;RUB;шт;2025-11-13T18:31:02.975678;https://rost-holding.ru/products/podshipniki/;0c1654f4-a65d-46a2-83df-c83af0e6e9b8;
Рост-Холдинг;Дистрибьютор;Подшипник FAG 6315 2ZR;;Подшипники;7580.0;RUB;шт;2025-11-13T18:31:02.989481;https://rost-holding.ru/products/podshipniki/;0c1654f4-a65d-46a2-83df-c83af0e6e9b8;
Рост-Холдинг;Дистрибьютор;Шарикоподшипник 6019 2RSR FAG;;Подшипники;4999.0;RUB;шт;2025-11-13T18:31:03.002966;https://rost-holding.ru/products/podshipniki/;0c1654f4-a65d-46a2-83df-c83af0e6e9b8;
Рост-Холдинг;Дистрибьютор;Подшипник 6213 DDUC3 NSK;;Подшипники;3225.0;RUB;шт;2025-11-13T18:31:03.009843;https://rost-holding.ru/products/podshipniki/;0c1654f4-a65d-46a2-83df-c83af0e6e9b8;
Рост-Холдинг;Дистрибьютор;Подшипник 5-246303 Е ГПЗ 4 ;;Подшипники;1669.0;RUB;шт;2025-11-13T18:31:03.016791;https://rost-holding.ru/products/podshipniki/;0c1654f4-a65d-46a2-83df-c83af0e6e9b8;
Рост-Холдинг;Дистрибьютор;Подшипник 292409;;Подшипники;1142.0;RUB;шт;2025-11-13T18:31:03.023661;https://rost-holding.ru/products/podshipniki/;0c1654f4-a65d-46a2-83df-c83af0e6e9b8;
Рост-Холдинг;Дистрибьютор;Подшипник NATA 5906 IKO;;Подшипники;5080.0;RUB;шт;2025-11-13T18:31:03.030604;https://rost-holding.ru/products/podshipniki/;0c1654f4-a65d-46a2-83df-c83af0e6e9b8;
Рост-Холдинг;Дистрибьютор;Подшипник 6207 C3;;Подшипники;968.0;RUB;шт;2025-11-13T18:31:03.037544;https://rost-holding.ru/products/podshipniki/;0c1654f4-a65d-46a2-83df-c83af0e6e9b8;
Рост-Холдинг;Дистрибьютор;Подшипник 7214 BMP FAG;;Подшипники;6435.0;RUB;шт;2025-11-13T18:31:03.044491;https://rost-holding.ru/products/podshipniki/;0c1654f4-a65d-46a2-83df-c83af0e6e9b8;
Рост-Холдинг;Дистрибьютор;Подшипник NSK 6315ZZ;;Подшипники;7418.0;RUB;шт;2025-11-13T18:31:03.051426;https://rost-holding.ru/products/podshipniki/;0c1654f4-a65d-46a2-83df-c83af0e6e9b8;
Рост-Холдинг;Дистрибьютор;Ролик опорный PWKR 72 2RS INA;;Подшипники;10966.0;RUB;шт;2025-11-13T18:31:03.058403;https://rost-holding.ru/products/podshipniki/;0c1654f4-a65d-46a2-83df-c83af0e6e9b8;
Рост-Холдинг;Дистрибьютор;Подшипник 6010-2Z-C3 FAG;;Подшипники;1185.0;RUB;шт;2025-11-13T18:31:03.065327;https://rost-holding.ru/products/podshipniki/;0c1654f4-a65d-46a2-83df-c83af0e6e9b8;
Рост-Холдинг;Дистрибьютор;Подшипник 246305 Е ;;Подшипники;3000.0;RUB;шт;2025-11-13T18:31:03.072270;https://rost-holding.ru/products/podshipniki/;0c1654f4-a65d-46a2-83df-c83af0e6e9b8;
Рост-Холдинг;Дистрибьютор;Подшипник 402611;;Подшипники;1308.0;RUB;шт;2025-11-13T18:31:03.086328;https://rost-holding.ru/products/podshipniki/;0c1654f4-a65d-46a2-83df-c83af0e6e9b8;
Рост-Холдинг;Дистрибьютор;Корпусный подшипник 1045-1.3/4G RHR;;Подшипники;8407.0;RUB;шт;2025-11-13T18:31:03.093221;https://rost-holding.ru/products/podshipniki/;0c1654f4-a65d-46a2-83df-c83af0e6e9b8;
Рост-Холдинг;Дистрибьютор;Подшипник NSK 6315ZZC3;;Подшипники;9475.0;RUB;шт;2025-11-13T18:31:03.100232;https://rost-holding.ru/products/podshipniki/;0c1654f4-a65d-46a2-83df-c83af0e6e9b8;
Рост-Холдинг;Дистрибьютор;Подшипник шариковый радиальный 625 2RS1/C3;;Подшипники;242.0;RUB;шт;2025-11-13T18:31:03.107231;https://rost-holding.ru/products/podshipniki/;0c1654f4-a65d-46a2-83df-c83af0e6e9b8;
Рост-Холдинг;Дистрибьютор;Подшипник 2314 NSK;;Подшипники;24176.0;RUB;шт;2025-11-13T18:31:03.114070;https://rost-holding.ru/products/podshipniki/;0c1654f4-a65d-46a2-83df-c83af0e6e9b8;
СЗЭМО;Производитель/дистрибьютор;ЭМШ А200L4У1 45кВт 380/660В, IMB3 (1081), IP55, ЭМШ, 292кг;;Электродвигатели;129236.82;RUB;шт;2025-11-14T16:02:26.813153;https://www.szemo.ru/catalog/elektrodvigateli/obshchepromyshlennye/;4bd65b13-0ee5-4524-b02c-7b9cc6ab4f2c;
СЗЭМО;Производитель/дистрибьютор;ЭМШ А180S2У1 22кВт 380/660В, IMB35 (2081), IP55, ЭМШ, 172кг;;Электродвигатели;78570.22;RUB;шт;2025-11-14T16:02:26.821155;https://www.szemo.ru/catalog/elektrodvigateli/obshchepromyshlennye/;4bd65b13-0ee5-4524-b02c-7b9cc6ab4f2c;
СЗЭМО;Производитель/дистрибьютор;ЭМШ А180S4У1 22кВт 380/660В, IMB35 (2081), IP55, ЭМШ, 170кг;;Электродвигатели;83874.77;RUB;шт;2025-11-14T16:02:26.829174;https://www.szemo.ru/catalog/elektrodvigateli/obshchepromyshlennye/;4bd65b13-0ee5-4524-b02c-7b9cc6ab4f2c;
СЗЭМО;Производитель/дистрибьютор;ЭМШ А180S2У1 22кВт 380/660В, IMB3 (1081), IP55, ЭМШ, 164кг;;Электродвигатели;74828.22;RUB;шт;2025-11-14T16:02:26.829174;https://www.szemo.ru/catalog/elektrodvigateli/obshchepromyshlennye/;4bd65b13-0ee5-4524-b02c-7b9cc6ab4f2c;
СЗЭМО;Производитель/дистрибьютор;ЭМШ АИР180М2У1 30кВт 380/660В, IMB3 (1081), IP55, ЭМШ, 200кг;;Электродвигатели;53223.30;RUB;шт;2025-11-14T16:02:26.837395;https://www.szemo.ru/catalog/elektrodvigateli/obshchepromyshlennye/;4bd65b13-0ee5-4524-b02c-7b9cc6ab4f2c;
СЗЭМО;Производитель/дистрибьютор;ЭМШ AIS90S4У1 1,1кВт 220/380В, IMB34 (2181), IP55, ЭМШ, 12кг;;Электродвигатели;6251.70;RUB;шт;2025-11-14T16:02:26.845597;https://www.szemo.ru/catalog/elektrodvigateli/obshchepromyshlennye/;4bd65b13-0ee5-4524-b02c-7b9cc6ab4f2c;
СЗЭМО;Производитель/дистрибьютор;ЭМШ А180М6У1 18,5кВт 380/660В, IMB35 (2081), IP55, ЭМШ, 186кг;;Электродвигатели;83101.08;RUB;шт;2025-11-14T16:02:26.853819;https://www.szemo.ru/catalog/elektrodvigateli/obshchepromyshlennye/;4bd65b13-0ee5-4524-b02c-7b9cc6ab4f2c;
СЗЭМО;Производитель/дистрибьютор;ЭМШ AIS112М-4У1 4кВт 220/380В, IMB35 (2081), IP55, ЭМШ, 29кг;;Электродвигатели;13721.50;RUB;шт;2025-11-14T16:02:26.862156;https://www.szemo.ru/catalog/elektrodvigateli/obshchepromyshlennye/;4bd65b13-0ee5-4524-b02c-7b9cc6ab4f2c;
СЗЭМО;Производитель/дистрибьютор;ЭМШ А180М2У1 30кВт 380/660В, IMB3 (1081), IP55, ЭМШ, 200кг;;Электродвигатели;86365.28;RUB;шт;2025-11-14T16:02:26.870158;https://www.szemo.ru/catalog/elektrodvigateli/obshchepromyshlennye/;4bd65b13-0ee5-4524-b02c-7b9cc6ab4f2c;
СЗЭМО;Производитель/дистрибьютор;ЭМШ AIS90S2У1 1,5кВт 220/380В, IMB35 (2081), IP55, ЭМШ, 14кг;;Электродвигатели;5661.50;RUB;шт;2025-11-14T16:02:26.870158;https://www.szemo.ru/catalog/elektrodvigateli/obshchepromyshlennye/;4bd65b13-0ee5-4524-b02c-7b9cc6ab4f2c;
СЗЭМО;Производитель/дистрибьютор;ЭМШ AIS90S2У1 1,5кВт 220/380В, IMB34 (2181), IP55, ЭМШ, 12,7кг;;Электродвигатели;6347.90;RUB;шт;2025-11-14T16:02:26.878456;https://www.szemo.ru/catalog/elektrodvigateli/obshchepromyshlennye/;4bd65b13-0ee5-4524-b02c-7b9cc6ab4f2c;
СЗЭМО;Производитель/дистрибьютор;ЭМШ AIS90S4У1 1,1кВт 220/380В, IMB3 (1081), IP55, ЭМШ, 12кг;;Электродвигатели;6216.60;RUB;шт;2025-11-14T16:02:26.878456;https://www.szemo.ru/catalog/elektrodvigateli/obshchepromyshlennye/;4bd65b13-0ee5-4524-b02c-7b9cc6ab4f2c;
СЗЭМО;Производитель/дистрибьютор;ЭМШ AIS132S-4У1 5,5кВт 380/660В, IMB3 (1081), IP55, ЭМШ, 43кг;;Электродвигатели;17318.60;RUB;шт;2025-11-14T16:02:26.886617;https://www.szemo.ru/catalog/elektrodvigateli/obshchepromyshlennye/;4bd65b13-0ee5-4524-b02c-7b9cc6ab4f2c;
СЗЭМО;Производитель/дистрибьютор;ЭМШ AIS100L-2У1 3кВт 220/380В, IMB14 (3681), IP55, ЭМШ, 24кг;;Электродвигатели;10260.90;RUB;шт;2025-11-14T16:02:26.895102;https://www.szemo.ru/catalog/elektrodvigateli/obshchepromyshlennye/;4bd65b13-0ee5-4524-b02c-7b9cc6ab4f2c;
СЗЭМО;Производитель/дистрибьютор;ЭМШ А180М4У1 30кВт 380/660В, IMB3 (1081), IP55, ЭМШ, 194кг;;Электродвигатели;89896.16;RUB;шт;2025-11-14T16:02:26.895102;https://www.szemo.ru/catalog/elektrodvigateli/obshchepromyshlennye/;4bd65b13-0ee5-4524-b02c-7b9cc6ab4f2c;
СЗЭМО;Производитель/дистрибьютор;ЭМШ АИР112МА6У1 3кВт 220/380В, IMB3 (1081), IP55, ЭМШ, 45кг;;Электродвигатели;14245.40;RUB;шт;2025-11-14T16:02:26.903104;https://www.szemo.ru/catalog/elektrodvigateli/obshchepromyshlennye/;4bd65b13-0ee5-4524-b02c-7b9cc6ab4f2c;
СЗЭМО;Производитель/дистрибьютор;ЭМШ А180М4У1 30кВт 380/660В, IMB35 (2081), IP55, ЭМШ, 202кг;;Электродвигатели;94391.73;RUB;шт;2025-11-14T16:02:26.911765;https://www.szemo.ru/catalog/elektrodvigateli/obshchepromyshlennye/;4bd65b13-0ee5-4524-b02c-7b9cc6ab4f2c;
СЗЭМО;Производитель/дистрибьютор;ЭМШ AIS63М1-4У1 0,12кВт 220/380В, IMB14 (3681), IP55, ЭМШ, 4,5кг;;Электродвигатели;2883.40;RUB;шт;2025-11-14T16:02:26.911765;https://www.szemo.ru/catalog/elektrodvigateli/obshchepromyshlennye/;4bd65b13-0ee5-4524-b02c-7b9cc6ab4f2c;
СЗЭМО;Производитель/дистрибьютор;ЭМШ АИР160S2У1 15кВт 380/660В, IMB3 (1081), IP55, ЭМШ, 108кг;;Электродвигатели;53976.20;RUB;шт;2025-11-14T16:02:26.919943;https://www.szemo.ru/catalog/elektrodvigateli/obshchepromyshlennye/;4bd65b13-0ee5-4524-b02c-7b9cc6ab4f2c;
СЗЭМО;Производитель/дистрибьютор;ЭМШ АИР100L4У1 4кВт 220/380В, IMB3 (1081), IP55, ЭМШ, 27,2кг;;Электродвигатели;11139.0;RUB;шт;2025-11-14T16:02:26.928152;https://www.szemo.ru/catalog/elektrodvigateli/obshchepromyshlennye/;4bd65b13-0ee5-4524-b02c-7b9cc6ab4f2c;
СЗЭМО;Производитель/дистрибьютор;ЭМШ ВА80А6У2 0,75кВт 380В, IMB35 (2081), 1ExdbIIBT4 Gb, ЭМШ, 29кг;;Электродвигатели;9839.70;RUB;шт;2025-11-14T15:59:32.368613;https://www.szemo.ru/catalog/elektrodvigateli/vzryvozashchishchennye/;d2c34827-06af-433e-ba85-e680e5baa04b;
СЗЭМО;Производитель/дистрибьютор;ЭМШ ВА250М4У2 90кВт 380/660В, IMB3 (1081), 1ExdllBT4 , ЭМШ, 410кг;;Электродвигатели;217255.38;RUB;шт;2025-11-14T15:59:32.384618;https://www.szemo.ru/catalog/elektrodvigateli/vzryvozashchishchennye/;d2c34827-06af-433e-ba85-e680e5baa04b;
СЗЭМО;Производитель/дистрибьютор;ЭМШ ВА160М4У2 18,5кВт 380/660В, IMB35 (2081), 1ExdbIIBT4 Gb, ЭМШ, 178кг;;Электродвигатели;59263.10;RUB;шт;2025-11-14T15:59:32.384618;https://www.szemo.ru/catalog/elektrodvigateli/vzryvozashchishchennye/;d2c34827-06af-433e-ba85-e680e5baa04b;
СЗЭМО;Производитель/дистрибьютор;ЭМШ ВА100L6У2 2,2кВт 380В, IMB35 (2081), 1ExdbIIBT4 Gb, ЭМШ, 48,2кг;;Электродвигатели;19992.70;RUB;шт;2025-11-14T15:59:32.392821;https://www.szemo.ru/catalog/elektrodvigateli/vzryvozashchishchennye/;d2c34827-06af-433e-ba85-e680e5baa04b;
СЗЭМО;Производитель/дистрибьютор;ЭМШ ВА100S4У2 3кВт 380В, IMB35 (2081), 1ExdbIIBT4 Gb, ЭМШ, 47кг;;Электродвигатели;19246.50;RUB;шт;2025-11-14T15:59:32.401048;https://www.szemo.ru/catalog/elektrodvigateli/vzryvozashchishchennye/;d2c34827-06af-433e-ba85-e680e5baa04b;
СЗЭМО;Производитель/дистрибьютор;ЭМШ ВА250S2У2 75кВт 380/660В, IMB3 (1081), 1ExdbIIBT4 Gb, ЭМШ, 503кг;;Электродвигатели;179401.30;RUB;шт;2025-11-14T15:59:32.409211;https://www.szemo.ru/catalog/elektrodvigateli/vzryvozashchishchennye/;d2c34827-06af-433e-ba85-e680e5baa04b;
СЗЭМО;Производитель/дистрибьютор;ЭМШ ВА100L4У2 4кВт 380В, IMB35 (2081), 1ExdbIIBT4 Gb, ЭМШ, 51,7кг;;Электродвигатели;18288.40;RUB;шт;2025-11-14T15:59:32.417215;https://www.szemo.ru/catalog/elektrodvigateli/vzryvozashchishchennye/;d2c34827-06af-433e-ba85-e680e5baa04b;
СЗЭМО;Производитель/дистрибьютор;ЭМШ ВА80А2У2 1,5кВт 380В, IMB3 (1081), 1ExdbIIBT4 Gb, ЭМШ, 26кг;;Электродвигатели;9314.50;RUB;шт;2025-11-14T15:59:32.425364;https://www.szemo.ru/catalog/elektrodvigateli/vzryvozashchishchennye/;d2c34827-06af-433e-ba85-e680e5baa04b;
СЗЭМО;Производитель/дистрибьютор;ЭМШ ВА160М4У2 18,5кВт 380/660В, IMB35 (2081), 1ExdllBT4 , ЭМШ, 170кг;;Электродвигатели;94158.52;RUB;шт;2025-11-14T15:59:32.433524;https://www.szemo.ru/catalog/elektrodvigateli/vzryvozashchishchennye/;d2c34827-06af-433e-ba85-e680e5baa04b;
СЗЭМО;Производитель/дистрибьютор;ЭМШ ВА160М2У2 18,5кВт 380/660В, IMB3 (1081), 1ExdbIIBT4 Gb, ЭМШ, 147кг;;Электродвигатели;61678.50;RUB;шт;2025-11-14T15:59:32.441823;https://www.szemo.ru/catalog/elektrodvigateli/vzryvozashchishchennye/;d2c34827-06af-433e-ba85-e680e5baa04b;
СЗЭМО;Производитель/дистрибьютор;ЭМШ ВА80А2У2 1,5кВт 380В, IMB35 (2081), 1ExdbIIBT4 Gb, ЭМШ, 29кг;;Электродвигатели;9096.10;RUB;шт;2025-11-14T15:59:32.458066;https://www.szemo.ru/catalog/elektrodvigateli/vzryvozashchishchennye/;d2c34827-06af-433e-ba85-e680e5baa04b;
СЗЭМО;Производитель/дистрибьютор;ЭМШ ВА100L2У2 5,5кВт 380В, IMB3 (1081), 1ExdbIIBT4 Gb, ЭМШ, 40,6кг;;Электродвигатели;21069.10;RUB;шт;2025-11-14T15:59:32.466269;https://www.szemo.ru/catalog/elektrodvigateli/vzryvozashchishchennye/;d2c34827-06af-433e-ba85-e680e5baa04b;
СЗЭМО;Производитель/дистрибьютор;ЭМШ ВА160М2У2 18,5кВт 380/660В, IMB3 (1081), 1ExdllBT4 , ЭМШ, 142кг;;Электродвигатели;81644.74;RUB;шт;2025-11-14T15:59:32.474456;https://www.szemo.ru/catalog/elektrodvigateli/vzryvozashchishchennye/;d2c34827-06af-433e-ba85-e680e5baa04b;
СЗЭМО;Производитель/дистрибьютор;ЭМШ ВА225М6У2 37 кВт 380/660В, IMB35 (2081), 1ExdbIIBT4 Gb, ЭМШ, 363,5кг;;Электродвигатели;168545.0;RUB;шт;2025-11-14T15:59:32.482457;https://www.szemo.ru/catalog/elektrodvigateli/vzryvozashchishchennye/;d2c34827-06af-433e-ba85-e680e5baa04b;
СЗЭМО;Производитель/дистрибьютор;ЭМШ ВА80А4У2 1,1кВт 380В, IMB35 (2081), 1ExdbIIBT4 Gb, ЭМШ, 29кг;;Электродвигатели;10219.30;RUB;шт;2025-11-14T15:59:32.482457;https://www.szemo.ru/catalog/elektrodvigateli/vzryvozashchishchennye/;d2c34827-06af-433e-ba85-e680e5baa04b;
СЗЭМО;Производитель/дистрибьютор;ЭМШ ВА100L2У2 5,5кВт 380В, IMB35 (2081), 1ExdllBT4 , ЭМШ, 55,5кг;;Электродвигатели;30959.16;RUB;шт;2025-11-14T15:59:32.490768;https://www.szemo.ru/catalog/elektrodvigateli/vzryvozashchishchennye/;d2c34827-06af-433e-ba85-e680e5baa04b;
СЗЭМО;Производитель/дистрибьютор;ЭМШ ВА100L6У2 2,2кВт 380В, IMB35 (2081), 1ExdllBT4 , ЭМШ, 48кг;;Электродвигатели;27476.74;RUB;шт;2025-11-14T15:59:32.498979;https://www.szemo.ru/catalog/elektrodvigateli/vzryvozashchishchennye/;d2c34827-06af-433e-ba85-e680e5baa04b;
СЗЭМО;Производитель/дистрибьютор;ЭМШ ВА90L6У2 1,5кВт 380В, IMB35 (2081), 1ExdllBT4 , ЭМШ, 35,2кг;;Электродвигатели;23218.95;RUB;шт;2025-11-14T15:59:32.507253;https://www.szemo.ru/catalog/elektrodvigateli/vzryvozashchishchennye/;d2c34827-06af-433e-ba85-e680e5baa04b;
СЗЭМО;Производитель/дистрибьютор;ЭМШ ВА100S2У2 4кВт 380В, IMB35 (2081), 1ExdbIIBT4 Gb, ЭМШ, 51,4кг;;Электродвигатели;16593.20;RUB;шт;2025-11-14T15:59:32.515463;https://www.szemo.ru/catalog/elektrodvigateli/vzryvozashchishchennye/;d2c34827-06af-433e-ba85-e680e5baa04b;
СЗЭМО;Производитель/дистрибьютор;ЭМШ ВА90L6У2 1,5кВт 380В, IMB35 (2081), 1ExdbIIBT4 Gb, ЭМШ, 37,5кг;;Электродвигатели;14059.50;RUB;шт;2025-11-14T15:59:32.523466;https://www.szemo.ru/catalog/elektrodvigateli/vzryvozashchishchennye/;d2c34827-06af-433e-ba85-e680e5baa04b;
Теплоприбор;Производитель/поставщик;Фильтр ФСНМ-10-вр/вр нержавеющий сетчатый муфтовый (резьбовой);;Фильтры (сетчатые);499.0;RUB;шт;2025-11-14T17:19:49.955610;https://xn--90ahjlpcccjdm.xn--p1ai/catalog/filtr-setchatyj-nerzhaveyushchij-fsn-fsnm-vr-vr-fsnf/;8b8506bb-6e62-412a-858e-ac1011baab3d;
Теплоприбор;Производитель/поставщик;Фильтр ФСНМ-15-вр/вр нержавеющий сетчатый муфтовый (резьбовой);;Фильтры (сетчатые);481.0;RUB;шт;2025-11-14T17:19:49.955610;https://xn--90ahjlpcccjdm.xn--p1ai/catalog/filtr-setchatyj-nerzhaveyushchij-fsn-fsnm-vr-vr-fsnf/;8b8506bb-6e62-412a-858e-ac1011baab3d;
Теплоприбор;Производитель/поставщик;Фильтр ФСНМ-20-вр/вр нержавеющий сетчатый муфтовый (резьбовой);;Фильтры (сетчатые);604.0;RUB;шт;2025-11-14T17:19:49.955610;https://xn--90ahjlpcccjdm.xn--p1ai/catalog/filtr-setchatyj-nerzhaveyushchij-fsn-fsnm-vr-vr-fsnf/;8b8506bb-6e62-412a-858e-ac1011baab3d;
Теплоприбор;Производитель/поставщик;Фильтр ФСНМ-25-вр/вр нержавеющий сетчатый муфтовый (резьбовой);;Фильтры (сетчатые);2070.0;RUB;шт;2025-11-14T17:19:49.955610;https://xn--90ahjlpcccjdm.xn--p1ai/catalog/filtr-setchatyj-nerzhaveyushchij-fsn-fsnm-vr-vr-fsnf/;8b8506bb-6e62-412a-858e-ac1011baab3d;
Теплоприбор;Производитель/поставщик;Фильтр ФСНМ-32-вр/вр нержавеющий сетчатый муфтовый (резьбовой);;Фильтры (сетчатые);1170.0;RUB;шт;2025-11-14T17:19:49.955610;https://xn--90ahjlpcccjdm.xn--p1ai/catalog/filtr-setchatyj-nerzhaveyushchij-fsn-fsnm-vr-vr-fsnf/;8b8506bb-6e62-412a-858e-ac1011baab3d;
Теплоприбор;Производитель/поставщик;Фильтр ФСНМ-40-вр/вр нержавеющий сетчатый муфтовый (резьбовой);;Фильтры (сетчатые);2670.0;RUB;шт;2025-11-14T17:19:49.955610;https://xn--90ahjlpcccjdm.xn--p1ai/catalog/filtr-setchatyj-nerzhaveyushchij-fsn-fsnm-vr-vr-fsnf/;8b8506bb-6e62-412a-858e-ac1011baab3d;
Теплоприбор;Производитель/поставщик;Фильтр ФСНМ-50-вр/вр нержавеющий сетчатый муфтовый (резьбовой);;Фильтры (сетчатые);2092.0;RUB;шт;2025-11-14T17:19:49.971256;https://xn--90ahjlpcccjdm.xn--p1ai/catalog/filtr-setchatyj-nerzhaveyushchij-fsn-fsnm-vr-vr-fsnf/;8b8506bb-6e62-412a-858e-ac1011baab3d;
Теплоприбор;Производитель/поставщик;Фильтр нержавеющий сетчатый ФСНФ-25 фланцевый (грязевик);;Фильтры (сетчатые);5291.0;RUB;шт;2025-11-14T17:19:49.972825;https://xn--90ahjlpcccjdm.xn--p1ai/catalog/filtr-setchatyj-nerzhaveyushchij-fsn-fsnm-vr-vr-fsnf/;8b8506bb-6e62-412a-858e-ac1011baab3d;
Теплоприбор;Производитель/поставщик;Фильтр нержавеющий сетчатый ФСНФ-32 фланцевый (грязевик);;Фильтры (сетчатые);6210.0;RUB;шт;2025-11-14T17:19:49.972825;https://xn--90ahjlpcccjdm.xn--p1ai/catalog/filtr-setchatyj-nerzhaveyushchij-fsn-fsnm-vr-vr-fsnf/;8b8506bb-6e62-412a-858e-ac1011baab3d;
Теплоприбор;Производитель/поставщик;Фильтр нержавеющий сетчатый ФСНФ-40 фланцевый (грязевик);;Фильтры (сетчатые);7998.0;RUB;шт;2025-11-14T17:19:49.979612;https://xn--90ahjlpcccjdm.xn--p1ai/catalog/filtr-setchatyj-nerzhaveyushchij-fsn-fsnm-vr-vr-fsnf/;8b8506bb-6e62-412a-858e-ac1011baab3d;
Теплоприбор;Производитель/поставщик;Фильтр нержавеющий сетчатый ФСНФ-50 фланцевый (грязевик);;Фильтры (сетчатые);10235.0;RUB;шт;2025-11-14T17:19:49.980773;https://xn--90ahjlpcccjdm.xn--p1ai/catalog/filtr-setchatyj-nerzhaveyushchij-fsn-fsnm-vr-vr-fsnf/;8b8506bb-6e62-412a-858e-ac1011baab3d;
Теплоприбор;Производитель/поставщик;Фильтр нержавеющий сетчатый ФСНФ-65 фланцевый (грязевик);;Фильтры (сетчатые);15381.0;RUB;шт;2025-11-14T17:19:49.983280;https://xn--90ahjlpcccjdm.xn--p1ai/catalog/filtr-setchatyj-nerzhaveyushchij-fsn-fsnm-vr-vr-fsnf/;8b8506bb-6e62-412a-858e-ac1011baab3d;
Теплоприбор;Производитель/поставщик;Фильтр нержавеющий сетчатый ФСНФ-80 фланцевый (грязевик);;Фильтры (сетчатые);51750.0;RUB;шт;2025-11-14T17:19:49.983280;https://xn--90ahjlpcccjdm.xn--p1ai/catalog/filtr-setchatyj-nerzhaveyushchij-fsn-fsnm-vr-vr-fsnf/;8b8506bb-6e62-412a-858e-ac1011baab3d;
Теплоприбор;Производитель/поставщик;Фильтр нержавеющий сетчатый ФСНФ-100 фланцевый (грязевик);;Фильтры (сетчатые);28302.0;RUB;шт;2025-11-14T17:19:49.983280;https://xn--90ahjlpcccjdm.xn--p1ai/catalog/filtr-setchatyj-nerzhaveyushchij-fsn-fsnm-vr-vr-fsnf/;8b8506bb-6e62-412a-858e-ac1011baab3d;
Теплоприбор;Производитель/поставщик;Фильтр нержавеющий сетчатый ФСНФ-125 фланцевый (грязевик);;Фильтры (сетчатые);38655.0;RUB;шт;2025-11-14T17:19:49.985158;https://xn--90ahjlpcccjdm.xn--p1ai/catalog/filtr-setchatyj-nerzhaveyushchij-fsn-fsnm-vr-vr-fsnf/;8b8506bb-6e62-412a-858e-ac1011baab3d;
Теплоприбор;Производитель/поставщик;Фильтр нержавеющий сетчатый ФСНФ-150 фланцевый (грязевик);;Фильтры (сетчатые);64941.0;RUB;шт;2025-11-14T17:19:49.985158;https://xn--90ahjlpcccjdm.xn--p1ai/catalog/filtr-setchatyj-nerzhaveyushchij-fsn-fsnm-vr-vr-fsnf/;8b8506bb-6e62-412a-858e-ac1011baab3d;
Теплоприбор;Производитель/поставщик;Фильтр нержавеющий сетчатый ФСНФ-200 фланцевый (грязевик);;Фильтры (сетчатые);83935.0;RUB;шт;2025-11-14T17:19:49.985158;https://xn--90ahjlpcccjdm.xn--p1ai/catalog/filtr-setchatyj-nerzhaveyushchij-fsn-fsnm-vr-vr-fsnf/;8b8506bb-6e62-412a-858e-ac1011baab3d;
Tim-Zeissler;Дистрибьютор;"Сетка для промывных фильтров TIM из нержавеющей стали 1/2""";;Фильтры (сетчатые);64.0;RUB;шт;2025-11-14T16:31:17.668094;https://tim-zeissler.ru/catalog/setchatye-promyvnye-filtra;75a2aa09-9186-4032-961c-30287c223f1b;
Tim-Zeissler;Дистрибьютор;"Промывной сетчатый фильтр без манометра TIM - 1/2"" штуцер/штуцер [стеклянный корпус]";;Фильтры (сетчатые);1039.0;RUB;шт;2025-11-14T16:31:17.677311;https://tim-zeissler.ru/catalog/setchatye-promyvnye-filtra;75a2aa09-9186-4032-961c-30287c223f1b;
Tim-Zeissler;Дистрибьютор;"Сетка для промывных фильтров TIM из нержавеющей стали 3/4""";;Фильтры (сетчатые);109.0;RUB;шт;2025-11-14T16:31:17.678918;https://tim-zeissler.ru/catalog/setchatye-promyvnye-filtra;75a2aa09-9186-4032-961c-30287c223f1b;
Tim-Zeissler;Дистрибьютор;"Промывной сетчатый фильтр с манометром TIM - 1/2"" штуцер/штуцер [стеклянный корпус]";;Фильтры (сетчатые);1168.0;RUB;шт;2025-11-14T16:31:17.682973;https://tim-zeissler.ru/catalog/setchatye-promyvnye-filtra;75a2aa09-9186-4032-961c-30287c223f1b;
Tim-Zeissler;Дистрибьютор;"Промывной сетчатый фильтр без манометра TIM - 1/2"" штуцер/штуцер [латунный корпус]";;Фильтры (сетчатые);1286.0;RUB;шт;2025-11-14T16:31:17.688367;https://tim-zeissler.ru/catalog/setchatye-promyvnye-filtra;75a2aa09-9186-4032-961c-30287c223f1b;
Tim-Zeissler;Дистрибьютор;"Промывной сетчатый фильтр с манометром TIM - 1/2"" штуцер/штуцер [латунный корпус]";;Фильтры (сетчатые);1452.0;RUB;шт;2025-11-14T16:31:17.688367;https://tim-zeissler.ru/catalog/setchatye-promyvnye-filtra;75a2aa09-9186-4032-961c-30287c223f1b;
Tim-Zeissler;Дистрибьютор;"Сетка для промывных фильтров TIM из нержавеющей стали 1""";;Фильтры (сетчатые);147.0;RUB;шт;2025-11-14T16:31:17.695714;https://tim-zeissler.ru/catalog/setchatye-promyvnye-filtra;75a2aa09-9186-4032-961c-30287c223f1b;
Tim-Zeissler;Дистрибьютор;"Промывной фильтр свободного вращения с манометром TIM - 1/2"" штуцер/штуцер [стеклянный корпус]";;Фильтры (сетчатые);1592.0;RUB;шт;2025-11-14T16:31:17.695714;https://tim-zeissler.ru/catalog/setchatye-promyvnye-filtra;75a2aa09-9186-4032-961c-30287c223f1b;
Tim-Zeissler;Дистрибьютор;"Фильтр сетчатый косой TIM - 1"" гайка / гайка [100мкр] [со свтроенным мини-краном]";;Фильтры (сетчатые);583.0;RUB;шт;2025-11-14T16:31:17.703772;https://tim-zeissler.ru/catalog/setchatye-promyvnye-filtra;75a2aa09-9186-4032-961c-30287c223f1b;
Tim-Zeissler;Дистрибьютор;"Промывной сетчатый фильтр с манометром TIM - 3/4"" штуцер/штуцер [стеклянный корпус]";;Фильтры (сетчатые);1782.0;RUB;шт;2025-11-14T16:31:17.703772;https://tim-zeissler.ru/catalog/setchatye-promyvnye-filtra;75a2aa09-9186-4032-961c-30287c223f1b;
Tim-Zeissler;Дистрибьютор;"Фильтр сетчатый косой TIM - 3/4"" гайка / гайка [100мкр] [со свтроенным мини-краном]";;Фильтры (сетчатые);466.0;RUB;шт;2025-11-14T16:31:17.709571;https://tim-zeissler.ru/catalog/setchatye-promyvnye-filtra;75a2aa09-9186-4032-961c-30287c223f1b;
Tim-Zeissler;Дистрибьютор;"Промывной фильтр свободного вращения с манометром TIM - 1/2"" штуцер/штуцер [латунный корпус]";;Фильтры (сетчатые);1873.0;RUB;шт;2025-11-14T16:31:17.709571;https://tim-zeissler.ru/catalog/setchatye-promyvnye-filtra;75a2aa09-9186-4032-961c-30287c223f1b;
Tim-Zeissler;Дистрибьютор;"Фильтр сетчатый косой TIM - 1/2"" гайка / гайка [100мкр] [со свтроенным мини-краном]";;Фильтры (сетчатые);333.0;RUB;шт;2025-11-14T16:31:17.716476;https://tim-zeissler.ru/catalog/setchatye-promyvnye-filtra;75a2aa09-9186-4032-961c-30287c223f1b;
Tim-Zeissler;Дистрибьютор;"Промывной сетчатый фильтр с редуктором давления и манометром TIM - 1/2"" штуцер/штуцер [стеклянный корпус]";;Фильтры (сетчатые);1997.0;RUB;шт;2025-11-14T16:31:17.723212;https://tim-zeissler.ru/catalog/setchatye-promyvnye-filtra;75a2aa09-9186-4032-961c-30287c223f1b;
Tim-Zeissler;Дистрибьютор;"Промывной сетчатый фильтр с манометром TIM - 3/4"" штуцер/штуцер [латунный корпус]";;Фильтры (сетчатые);2106.0;RUB;шт;2025-11-14T16:31:17.723344;https://tim-zeissler.ru/catalog/setchatye-promyvnye-filtra;75a2aa09-9186-4032-961c-30287c223f1b;
Tim-Zeissler;Дистрибьютор;"Промывной сетчатый фильтр с редуктором давления и манометром TIM - 1/2"" штуцер/штуцер [латунный корпус]";;Фильтры (сетчатые);2174.0;RUB;шт;2025-11-14T16:31:17.730319;https://tim-zeissler.ru/catalog/setchatye-promyvnye-filtra;75a2aa09-9186-4032-961c-30287c223f1b;
Tim-Zeissler;Дистрибьютор;"Промывной сетчатый фильтр с редуктором давления и манометром TIM - 3/4"" штуцер/штуцер [стеклянный корпус]";;Фильтры (сетчатые);2337.0;RUB;шт;2025-11-14T16:31:17.730319;https://tim-zeissler.ru/catalog/setchatye-promyvnye-filtra;75a2aa09-9186-4032-961c-30287c223f1b;
Tim-Zeissler;Дистрибьютор;"Промывной сетчатый фильтр с манометром TIM - 1"" штуцер/штуцер [стеклянный корпус]";;Фильтры (сетчатые);2433.0;RUB;шт;2025-11-14T16:31:17.737316;https://tim-zeissler.ru/catalog/setchatye-promyvnye-filtra;75a2aa09-9186-4032-961c-30287c223f1b;
Tim-Zeissler;Дистрибьютор;"Промывной фильтр TIM - 3/4"" штуцер/штуцер с американками, ручная обратная промывка [стеклянный корпус]";;Фильтры (сетчатые);2488.0;RUB;шт;2025-11-14T16:31:17.737316;https://tim-zeissler.ru/catalog/setchatye-promyvnye-filtra;75a2aa09-9186-4032-961c-30287c223f1b;
Tim-Zeissler;Дистрибьютор;"Промывной сетчатый фильтр с редуктором давления и манометром TIM - 3/4"" штуцер/штуцер [латунный корпус]";;Фильтры (сетчатые);2622.0;RUB;шт;2025-11-14T16:31:17.744260;https://tim-zeissler.ru/catalog/setchatye-promyvnye-filtra;75a2aa09-9186-4032-961c-30287c223f1b;
Tim-Zeissler;Дистрибьютор;"Промывной сетчатый фильтр с манометром TIM - 1"" штуцер/штуцер [латунный корпус]";;Фильтры (сетчатые);3190.0;RUB;шт;2025-11-14T16:31:17.744260;https://tim-zeissler.ru/catalog/setchatye-promyvnye-filtra;75a2aa09-9186-4032-961c-30287c223f1b;
Tim-Zeissler;Дистрибьютор;"Промывной сетчатый фильтр с редуктором давления и манометром TIM - 1"" штуцер/штуцер [стеклянный корпус]";;Фильтры (сетчатые);3397.0;RUB;шт;2025-11-14T16:31:17.751197;https://tim-zeissler.ru/catalog/setchatye-promyvnye-filtra;75a2aa09-9186-4032-961c-30287c223f1b;
Tim-Zeissler;Дистрибьютор;"Промывной сетчатый фильтр с редуктором давления и манометром TIM - 1"" штуцер/штуцер [латунный корпус]";;Фильтры (сетчатые);3793.0;RUB;шт;2025-11-14T16:31:17.751197;https://tim-zeissler.ru/catalog/setchatye-promyvnye-filtra;75a2aa09-9186-4032-961c-30287c223f1b;
Tim-Zeissler;Дистрибьютор;"Промывной фильтр TIM - 1"" штуцер/штуцер с американками ручная обратная промывка [стеклянный корпус]";;Фильтры (сетчатые);7402.0;RUB;шт;2025-11-14T16:31:17.758059;https://tim-zeissler.ru/catalog/setchatye-promyvnye-filtra;75a2aa09-9186-4032-961c-30287c223f1b;
Русэлпром;Производитель/поставщик;Электродвигатель ДАВ-315-4У3;;Электродвигатели;1571700.0;RUB;шт;2025-11-14T16:14:29.562071;https://www.ruselprom.ru/products/elektrodvigateli/;249b9a5c-c07c-4495-b29e-e0eaa51b37c3;
Русэлпром;Производитель/поставщик;Электродвигатель ДАВ-250-4У3;;Электродвигатели;1532500.0;RUB;шт;2025-11-14T16:14:29.617920;https://www.ruselprom.ru/products/elektrodvigateli/;249b9a5c-c07c-4495-b29e-e0eaa51b37c3;
Русэлпром;Производитель/поставщик;Электродвигатель ДАЗО4-450Y-8МУ1;;Электродвигатели;3716100.0;RUB;шт;2025-11-14T16:14:29.631744;https://www.ruselprom.ru/products/elektrodvigateli/;249b9a5c-c07c-4495-b29e-e0eaa51b37c3;
Русэлпром;Производитель/поставщик;Электродвигатель ДАЗО4-450YK-8МУ1;;Электродвигатели;3269400.0;RUB;шт;2025-11-14T16:14:29.638644;https://www.ruselprom.ru/products/elektrodvigateli/;249b9a5c-c07c-4495-b29e-e0eaa51b37c3;
Русэлпром;Производитель/поставщик;Электродвигатель ДАЗО4-450X-8МУ1;;Электродвигатели;2938900.0;RUB;шт;2025-11-14T16:14:29.652643;https://www.ruselprom.ru/products/elektrodvigateli/;249b9a5c-c07c-4495-b29e-e0eaa51b37c3;
Русэлпром;Производитель/поставщик;Электродвигатель ДАЗО4-450Y-6МУ1;;Электродвигатели;3419900.0;RUB;шт;2025-11-14T16:14:29.659547;https://www.ruselprom.ru/products/elektrodvigateli/;249b9a5c-c07c-4495-b29e-e0eaa51b37c3;
Русэлпром;Производитель/поставщик;Электродвигатель ДАЗО4-450X-6МУ1;;Электродвигатели;3131000.0;RUB;шт;2025-11-14T16:14:29.666477;https://www.ruselprom.ru/products/elektrodvigateli/;249b9a5c-c07c-4495-b29e-e0eaa51b37c3;
Русэлпром;Производитель/поставщик;Электродвигатель ДАЗО4-400Y-4МУ1;;Электродвигатели;1882600.0;RUB;шт;2025-11-14T16:14:39.353738;https://www.ruselprom.ru/products/elektrodvigateli/?PAGEN_1=2;249b9a5c-c07c-4495-b29e-e0eaa51b37c3;
Русэлпром;Производитель/поставщик;Электродвигатель ДАЗО4-400X-4МУ1;;Электродвигатели;1703900.0;RUB;шт;2025-11-14T16:14:39.430247;https://www.ruselprom.ru/products/elektrodvigateli/?PAGEN_1=2;249b9a5c-c07c-4495-b29e-e0eaa51b37c3;
Русэлпром;Производитель/поставщик;Электродвигатель ДАЗО4-400XK-4МУ1;;Электродвигатели;2246100.0;RUB;шт;2025-11-14T16:14:39.437146;https://www.ruselprom.ru/products/elektrodvigateli/?PAGEN_1=2;249b9a5c-c07c-4495-b29e-e0eaa51b37c3;
Русэлпром;Производитель/поставщик;Электродвигатель А4-450Y-8МУ3;;Электродвигатели;3232600.0;RUB;шт;2025-11-14T16:14:39.443939;https://www.ruselprom.ru/products/elektrodvigateli/?PAGEN_1=2;249b9a5c-c07c-4495-b29e-e0eaa51b37c3;
Русэлпром;Производитель/поставщик;Электродвигатель А4-450YK-8МУ3;;Электродвигатели;2949900.0;RUB;шт;2025-11-14T16:14:39.457847;https://www.ruselprom.ru/products/elektrodvigateli/?PAGEN_1=2;249b9a5c-c07c-4495-b29e-e0eaa51b37c3;
Русэлпром;Производитель/поставщик;Электродвигатель А4-450X-8МУ3;;Электродвигатели;2648800.0;RUB;шт;2025-11-14T16:14:39.465021;https://www.ruselprom.ru/products/elektrodvigateli/?PAGEN_1=2;249b9a5c-c07c-4495-b29e-e0eaa51b37c3;
Русэлпром;Производитель/поставщик;Электродвигатель А4-450Y-6МУ3;;Электродвигатели;3110200.0;RUB;шт;2025-11-14T16:14:39.478761;https://www.ruselprom.ru/products/elektrodvigateli/?PAGEN_1=2;249b9a5c-c07c-4495-b29e-e0eaa51b37c3;
Русэлпром;Производитель/поставщик;Электродвигатель А4-450Y-4МУ3;;Электродвигатели;2968200.0;RUB;шт;2025-11-14T16:14:39.492684;https://www.ruselprom.ru/products/elektrodvigateli/?PAGEN_1=2;249b9a5c-c07c-4495-b29e-e0eaa51b37c3;
Русэлпром;Производитель/поставщик;Электродвигатель А4-400X-4МУ3;;Электродвигатели;1511700.0;RUB;шт;2025-11-14T16:14:51.006519;https://www.ruselprom.ru/products/elektrodvigateli/?PAGEN_1=3;249b9a5c-c07c-4495-b29e-e0eaa51b37c3;
Русэлпром;Производитель/поставщик;Электродвигатель А4-400XK-4МУ3;;Электродвигатели;1426000.0;RUB;шт;2025-11-14T16:14:51.069245;https://www.ruselprom.ru/products/elektrodvigateli/?PAGEN_1=3;249b9a5c-c07c-4495-b29e-e0eaa51b37c3;
Элком;Производитель/поставщик;Электродвигатель 5АИ 80 А2 1,5/3000 IM1081;101213458;Электродвигатели;8547.67;RUB;шт;;2025-11-14T16:23:14.841366;https://www.elcomspb.ru/retail/electric_engines/;4f096b92-a6b2-4163-bbab-274a62b7a338
Элком;Производитель/поставщик;Электродвигатель 5АИ 80 В2 2,2/3000 IM1081;101213459;Электродвигатели;9810.0;RUB;шт;;2025-11-14T16:23:15.014260;https://www.elcomspb.ru/retail/electric_engines/;4f096b92-a6b2-4163-bbab-274a62b7a338
Элком;Производитель/поставщик;Электродвигатель 5АИ 80 В6 1,1/1000 IM1081;101213460;Электродвигатели;10263.6;RUB;шт;;2025-11-14T16:23:15.028222;https://www.elcomspb.ru/retail/electric_engines/;4f096b92-a6b2-4163-bbab-274a62b7a338
Элком;Производитель/поставщик;Электродвигатель 5АИ 90 L2 3/3000 IM1081;101213461;Электродвигатели;12282.0;RUB;шт;;2025-11-14T16:23:15.048912;https://www.elcomspb.ru/retail/electric_engines/;4f096b92-a6b2-4163-bbab-274a62b7a338
Элком;Производитель/поставщик;Электродвигатель 5АИ 90 L4 2,2/1500 IM1081;101213462;Электродвигатели;12074.4;RUB;шт;;2025-11-14T16:23:15.062860;https://www.elcomspb.ru/retail/electric_engines/;4f096b92-a6b2-4163-bbab-274a62b7a338
Элком;Производитель/поставщик;Электродвигатель 5АИ 90 L6 1,5/1000 IM1081;101213463;Электродвигатели;13814.4;RUB;шт;;2025-11-14T16:23:15.083571;https://www.elcomspb.ru/retail/electric_engines/;4f096b92-a6b2-4163-bbab-274a62b7a338
Элком;Производитель/поставщик;Электродвигатель 5АИ 180 М2 30/3000 IM1001;101213464;Электродвигатели;75861.6;RUB;шт;;2025-11-14T16:23:15.097504;https://www.elcomspb.ru/retail/electric_engines/;4f096b92-a6b2-4163-bbab-274a62b7a338
Элком;Производитель/поставщик;Электродвигатель 5АИ 200 М2 37/3000 IM1001;101213478;Электродвигатели;103906.8;RUB;шт;;2025-11-14T16:23:15.132152;https://www.elcomspb.ru/retail/electric_engines/;4f096b92-a6b2-4163-bbab-274a62b7a338
Элком;Производитель/поставщик;Электродвигатель 5АИ 200 М2 37/3000 IM2001;101213479;Электродвигатели;109102.8;RUB;шт;;2025-11-14T16:23:15.167035;https://www.elcomspb.ru/retail/electric_engines/;4f096b92-a6b2-4163-bbab-274a62b7a338
Элком;Производитель/поставщик;Электродвигатель 5АИ 315 S6 110/1000 IM1001;101213483;Электродвигатели;430215.6;RUB;шт;;2025-11-14T16:23:15.194667;https://www.elcomspb.ru/retail/electric_engines/;4f096b92-a6b2-4163-bbab-274a62b7a338
Элком;Производитель/поставщик;Электродвигатель 5АИ 315 М6 132/1000 IM1001;101213485;Электродвигатели;472341.6;RUB;шт;;2025-11-14T16:23:15.222417;https://www.elcomspb.ru/retail/electric_engines/;4f096b92-a6b2-4163-bbab-274a62b7a338
Элком;Производитель/поставщик;Электродвигатель 5АИ 355 S4 250/1500 IM1001;101213486;Электродвигатели;788560.8;RUB;шт;;2025-11-14T16:23:15.243248;https://www.elcomspb.ru/retail/electric_engines/;4f096b92-a6b2-4163-bbab-274a62b7a338
Элком;Производитель/поставщик;Электродвигатель 5АИ 355 S8 132/750 IM1001;101213487;Электродвигатели;727437.6;RUB;шт;;2025-11-14T16:23:15.264255;https://www.elcomspb.ru/retail/electric_engines/;4f096b92-a6b2-4163-bbab-274a62b7a338
Элком;Производитель/поставщик;Электродвигатель 5АИ 355 М4 315/1500 IM1001;101213488;Электродвигатели;903032.4;RUB;шт;;2025-11-14T16:23:15.277992;https://www.elcomspb.ru/retail/electric_engines/;4f096b92-a6b2-4163-bbab-274a62b7a338
Элком;Производитель/поставщик;Электродвигатель 5АИ 315 S2 160/3000 IM1001;101213489;Электродвигатели;465458.4;RUB;шт;;2025-11-14T16:23:15.306626;https://www.elcomspb.ru/retail/electric_engines/;4f096b92-a6b2-4163-bbab-274a62b7a338
Элком;Производитель/поставщик;Электродвигатель 5АИ 315 S4 160/1500 IM1001;101213490;Электродвигатели;443522.4;RUB;шт;;2025-11-14T16:23:15.334297;https://www.elcomspb.ru/retail/electric_engines/;4f096b92-a6b2-4163-bbab-274a62b7a338
Элком;Производитель/поставщик;Электродвигатель 5АИ 315 М4 200/1500 IM1001;101213492;Электродвигатели;461707.2;RUB;шт;;2025-11-14T16:23:15.369493;https://www.elcomspb.ru/retail/electric_engines/;4f096b92-a6b2-4163-bbab-274a62b7a338
Элком;Производитель/поставщик;Электродвигатель 5АИ 355 М10 110/600 IM1001;101213495;Электродвигатели;741309.6;RUB;шт;;2025-11-14T16:23:15.389819;https://www.elcomspb.ru/retail/electric_engines/;4f096b92-a6b2-4163-bbab-274a62b7a338
Элком;Производитель/поставщик;Электродвигатель 5АИ 355 S6 160/1000 IM1001;101213498;Электродвигатели;669495.6;RUB;шт;;2025-11-14T16:23:15.410410;https://www.elcomspb.ru/retail/electric_engines/;4f096b92-a6b2-4163-bbab-274a62b7a338
Элком;Производитель/поставщик;Электродвигатель 5АИ 90 L4 2,2/1500 IM2081;101213500;Электродвигатели;12678.0;RUB;шт;;2025-11-14T16:23:15.431123;https://www.elcomspb.ru/retail/electric_engines/;4f096b92-a6b2-4163-bbab-274a62b7a338
Элком;Производитель/поставщик;Электродвигатель 5АИ 90 L6 1,5/1000 IM2081;101213501;Электродвигатели;14505.6;RUB;шт;;2025-11-14T16:23:15.452215;https://www.elcomspb.ru/retail/electric_engines/;4f096b92-a6b2-4163-bbab-274a62b7a338
Элком;Производитель/поставщик;Электродвигатель 5АИ 180 М2 30/3000 IM2001;101213502;Электродвигатели;7954.8;RUB;шт;;2025-11-14T16:23:15.473353;https://www.elcomspb.ru/retail/electric_engines/;4f096b92-a6b2-4163-bbab-274a62b7a338
Элком;Производитель/поставщик;Электродвигатель 5АИ 200 М4 37/1500 IM1001;101213503;Электродвигатели;112538.4;RUB;шт;;2025-11-14T16:23:15.500097;https://www.elcomspb.ru/retail/electric_engines/;4f096b92-a6b2-4163-bbab-274a62b7a338
Элком;Производитель/поставщик;Электродвигатель 5АИ 200 М4 37/1500 IM2001;101213504;Электродвигатели;118166.4;RUB;шт;;2025-11-14T16:23:15.521609;https://www.elcomspb.ru/retail/electric_engines/;4f096b92-a6b2-4163-bbab-274a62b7a338
Элком;Производитель/поставщик;Электродвигатель 5АИ 225 М4 55/1500 IM1001;101213505;Электродвигатели;146829.6;RUB;шт;;2025-11-14T16:23:22.361577;https://www.elcomspb.ru/retail/electric_engines/?PAGEN_1=2;4f096b92-a6b2-4163-bbab-274a62b7a338
Элком;Производитель/поставщик;Электродвигатель 5АИ 225 М4 55/1500 IM2001;101213506;Электродвигатели;154171.2;RUB;шт;;2025-11-14T16:23:22.521018;https://www.elcomspb.ru/retail/electric_engines/?PAGEN_1=2;4f096b92-a6b2-4163-bbab-274a62b7a338
Элком;Производитель/поставщик;Электродвигатель 5АИ 100 S4 3/1500 IM3081;101213507;Электродвигатели;17185.2;RUB;шт;;2025-11-14T16:23:22.542144;https://www.elcomspb.ru/retail/electric_engines/?PAGEN_1=2;4f096b92-a6b2-4163-bbab-274a62b7a338
Элком;Производитель/поставщик;Электродвигатель 5АИ 56 А2 0,18/3000 IM1081;101213508;Электродвигатели;3834.0;RUB;шт;;2025-11-14T16:23:22.562754;https://www.elcomspb.ru/retail/electric_engines/?PAGEN_1=2;4f096b92-a6b2-4163-bbab-274a62b7a338
Элком;Производитель/поставщик;Электродвигатель 5АИ 56 А2 0,18/3000 IM2081;101213510;Электродвигатели;4026.0;RUB;шт;;2025-11-14T16:23:22.583550;https://www.elcomspb.ru/retail/electric_engines/?PAGEN_1=2;4f096b92-a6b2-4163-bbab-274a62b7a338
Элком;Производитель/поставщик;Электродвигатель 5АИ 56 А4 0,12/1500 IM1081;101213511;Электродвигатели;3960.0;RUB;шт;;2025-11-14T16:23:22.597517;https://www.elcomspb.ru/retail/electric_engines/?PAGEN_1=2;4f096b92-a6b2-4163-bbab-274a62b7a338
Элком;Производитель/поставщик;Электродвигатель 5АИ 56 А4 0,12/1500 IM2081;101213513;Электродвигатели;4158.0;RUB;шт;;2025-11-14T16:23:22.618284;https://www.elcomspb.ru/retail/electric_engines/?PAGEN_1=2;4f096b92-a6b2-4163-bbab-274a62b7a338
Элком;Производитель/поставщик;Электродвигатель 5АИ 56 В2 0,25/3000 IM1081;101213514;Электродвигатели;3919.2;RUB;шт;;2025-11-14T16:23:22.632282;https://www.elcomspb.ru/retail/electric_engines/?PAGEN_1=2;4f096b92-a6b2-4163-bbab-274a62b7a338
Элком;Производитель/поставщик;Электродвигатель 5АИ 56 В2 0,25/3000 IM2081;101213515;Электродвигатели;4116.0;RUB;шт;;2025-11-14T16:23:22.652975;https://www.elcomspb.ru/retail/electric_engines/?PAGEN_1=2;4f096b92-a6b2-4163-bbab-274a62b7a338
Элком;Производитель/поставщик;Электродвигатель 5АИ 56 В4 0,18/1500 IM2081;101213518;Электродвигатели;4426.8;RUB;шт;;2025-11-14T16:23:22.687443;https://www.elcomspb.ru/retail/electric_engines/?PAGEN_1=2;4f096b92-a6b2-4163-bbab-274a62b7a338
Элком;Производитель/поставщик;Электродвигатель 5АИ 63 А2 0,37/3000 IM1081;101213519;Электродвигатели;4632.0;RUB;шт;;2025-11-14T16:23:22.708416;https://www.elcomspb.ru/retail/electric_engines/?PAGEN_1=2;4f096b92-a6b2-4163-bbab-274a62b7a338
Элком;Производитель/поставщик;Электродвигатель 5АИ 63 А2 0,37/3000 IM2081;101213521;Электродвигатели;4863.6;RUB;шт;;2025-11-14T16:23:22.729185;https://www.elcomspb.ru/retail/electric_engines/?PAGEN_1=2;4f096b92-a6b2-4163-bbab-274a62b7a338
Элком;Производитель/поставщик;Электродвигатель 5АИ 63 А4 0,25/1500 IM1081;101213522;Электродвигатели;5088.0;RUB;шт;;2025-11-14T16:23:22.750028;https://www.elcomspb.ru/retail/electric_engines/?PAGEN_1=2;4f096b92-a6b2-4163-bbab-274a62b7a338
Элком;Производитель/поставщик;Электродвигатель 5АИ 63 А6 0,18/1000 IM1081;101213524;Электродвигатели;5612.4;RUB;шт;;2025-11-14T16:23:22.763862;https://www.elcomspb.ru/retail/electric_engines/?PAGEN_1=2;4f096b92-a6b2-4163-bbab-274a62b7a338
Элком;Производитель/поставщик;Электродвигатель 5АИ 63 А6 0,18/1000 IM2081;101213525;Электродвигатели;5893.2;RUB;шт;;2025-11-14T16:23:22.785004;https://www.elcomspb.ru/retail/electric_engines/?PAGEN_1=2;4f096b92-a6b2-4163-bbab-274a62b7a338
Элком;Производитель/поставщик;Электродвигатель 5АИ 63 В2 0,55/3000 IM1081;101213526;Электродвигатели;5410.8;RUB;шт;;2025-11-14T16:23:22.805830;https://www.elcomspb.ru/retail/electric_engines/?PAGEN_1=2;4f096b92-a6b2-4163-bbab-274a62b7a338
Элком;Производитель/поставщик;Электродвигатель 5АИ 63 В2 0,55/3000 IM2081;101213528;Электродвигатели;5682.0;RUB;шт;;2025-11-14T16:23:22.824389;https://www.elcomspb.ru/retail/electric_engines/?PAGEN_1=2;4f096b92-a6b2-4163-bbab-274a62b7a338
Элком;Производитель/поставщик;Электродвигатель 5АИ 63 В4 0,37/1500 IM1081;101213529;Электродвигатели;5332.8;RUB;шт;;2025-11-14T16:23:22.848548;https://www.elcomspb.ru/retail/electric_engines/?PAGEN_1=2;4f096b92-a6b2-4163-bbab-274a62b7a338
Элком;Производитель/поставщик;Электродвигатель 5АИ 63 В4 0,37/1500 IM2081;101213531;Электродвигатели;5600.4;RUB;шт;;2025-11-14T16:23:22.882878;https://www.elcomspb.ru/retail/electric_engines/?PAGEN_1=2;4f096b92-a6b2-4163-bbab-274a62b7a338
Элком;Производитель/поставщик;Электродвигатель 5АИ 63 В6 0,25/1000 IM2081;101213532;Электродвигатели;6670.8;RUB;шт;;2025-11-14T16:23:22.910393;https://www.elcomspb.ru/retail/electric_engines/?PAGEN_1=2;4f096b92-a6b2-4163-bbab-274a62b7a338
Элком;Производитель/поставщик;Электродвигатель 5АИ 71 А4 0,55/1500 IM1081;101213533;Электродвигатели;6999.6;RUB;шт;;2025-11-14T16:23:22.931371;https://www.elcomspb.ru/retail/electric_engines/?PAGEN_1=2;4f096b92-a6b2-4163-bbab-274a62b7a338
Элком;Производитель/поставщик;Электродвигатель 5АИ 71 А4 0,55/1500 IM2081;101213534;Электродвигатели;7350.0;RUB;шт;;2025-11-14T16:23:22.952123;https://www.elcomspb.ru/retail/electric_engines/?PAGEN_1=2;4f096b92-a6b2-4163-bbab-274a62b7a338
Элком;Производитель/поставщик;Электродвигатель 5АИ 71 В4 0,75/1500 IM1081;101213535;Электродвигатели;7032.0;RUB;шт;;2025-11-14T16:23:22.973228;https://www.elcomspb.ru/retail/electric_engines/?PAGEN_1=2;4f096b92-a6b2-4163-bbab-274a62b7a338
Элком;Производитель/поставщик;Электродвигатель 5АИ 71 В4 0,75/1500 IM2081;101213536;Электродвигатели;7383.6;RUB;шт;;2025-11-14T16:23:28.813472;https://www.elcomspb.ru/retail/electric_engines/?PAGEN_1=3;4f096b92-a6b2-4163-bbab-274a62b7a338
Элком;Производитель/поставщик;Электродвигатель 5АИ 71 В8 0,25/750 IM2081;101213538;Электродвигатели;8686.8;RUB;шт;;2025-11-14T16:23:29.014108;https://www.elcomspb.ru/retail/electric_engines/?PAGEN_1=3;4f096b92-a6b2-4163-bbab-274a62b7a338
Элком;Производитель/поставщик;Электродвигатель 5АИ 80 А2 1,5/3000 IM2081;101213539;Электродвигатели;8976.0;RUB;шт;;2025-11-14T16:23:29.027900;https://www.elcomspb.ru/retail/electric_engines/?PAGEN_1=3;4f096b92-a6b2-4163-bbab-274a62b7a338
Элком;Производитель/поставщик;Электродвигатель 5АИ 80 А4 1,1/1500 IM1081;101213540;Электродвигатели;8481.6;RUB;шт;;2025-11-14T16:23:29.048679;https://www.elcomspb.ru/retail/electric_engines/?PAGEN_1=3;4f096b92-a6b2-4163-bbab-274a62b7a338
Элком;Производитель/поставщик;Электродвигатель 5АИ 80 А4 1,1/1500 IM2081;101213541;Электродвигатели;8905.2;RUB;шт;;2025-11-14T16:23:29.069611;https://www.elcomspb.ru/retail/electric_engines/?PAGEN_1=3;4f096b92-a6b2-4163-bbab-274a62b7a338
Элком;Производитель/поставщик;Электродвигатель 5АИ 80 А6 0,75/1000 IM1081;101213542;Электродвигатели;9112.8;RUB;шт;;2025-11-14T16:23:29.090471;https://www.elcomspb.ru/retail/electric_engines/?PAGEN_1=3;4f096b92-a6b2-4163-bbab-274a62b7a338
Элком;Производитель/поставщик;Электродвигатель 5АИ 80 А6 0,75/1000 IM2081;101213543;Электродвигатели;9567.6;RUB;шт;;2025-11-14T16:23:29.125077;https://www.elcomspb.ru/retail/electric_engines/?PAGEN_1=3;4f096b92-a6b2-4163-bbab-274a62b7a338
Элком;Производитель/поставщик;Электродвигатель 5АИ 80 А8 0,37/750 IM1081;101213544;Электродвигатели;9338.4;RUB;шт;;2025-11-14T16:23:29.146004;https://www.elcomspb.ru/retail/electric_engines/?PAGEN_1=3;4f096b92-a6b2-4163-bbab-274a62b7a338
Элком;Производитель/поставщик;Электродвигатель 5АИ 80 А8 0,37/750 IM2081;101213545;Электродвигатели;9805.2;RUB;шт;;2025-11-14T16:23:29.180890;https://www.elcomspb.ru/retail/electric_engines/?PAGEN_1=3;4f096b92-a6b2-4163-bbab-274a62b7a338
Элком;Производитель/поставщик;Электродвигатель 5АИ 80 В2 2,2/3000 IM2081;101213546;Электродвигатели;10299.6;RUB;шт;;2025-11-14T16:23:29.208514;https://www.elcomspb.ru/retail/electric_engines/?PAGEN_1=3;4f096b92-a6b2-4163-bbab-274a62b7a338
Элком;Производитель/поставщик;Электродвигатель 5АИ 80 В4 1,5/1500 IM1081;101213547;Электродвигатели;9546.0;RUB;шт;;2025-11-14T16:23:29.236382;https://www.elcomspb.ru/retail/electric_engines/?PAGEN_1=3;4f096b92-a6b2-4163-bbab-274a62b7a338
Элком;Производитель/поставщик;Электродвигатель 5АИ 80 В4 1,5/1500 IM2081;101213548;Электродвигатели;10022.4;RUB;шт;;2025-11-14T16:23:29.271744;https://www.elcomspb.ru/retail/electric_engines/?PAGEN_1=3;4f096b92-a6b2-4163-bbab-274a62b7a338
Элком;Производитель/поставщик;Электродвигатель 5АИ 80 В6 1,1/1000 IM2081;101213549;Электродвигатели;10777.2;RUB;шт;;2025-11-14T16:23:29.313366;https://www.elcomspb.ru/retail/electric_engines/?PAGEN_1=3;4f096b92-a6b2-4163-bbab-274a62b7a338
Элком;Производитель/поставщик;Электродвигатель 5АИ 80 В8 0,55/750 IM1081;101213550;Электродвигатели;10791.6;RUB;шт;;2025-11-14T16:23:29.348110;https://www.elcomspb.ru/retail/electric_engines/?PAGEN_1=3;4f096b92-a6b2-4163-bbab-274a62b7a338
Элком;Производитель/поставщик;Электродвигатель 5АИ 80 В8 0,55/750 IM2081;101213551;Электродвигатели;11331.6;RUB;шт;;2025-11-14T16:23:29.382860;https://www.elcomspb.ru/retail/electric_engines/?PAGEN_1=3;4f096b92-a6b2-4163-bbab-274a62b7a338
Элком;Производитель/поставщик;Электродвигатель 5АИ 90 L2 3/3000 IM2081;101213552;Электродвигатели;12895.2;RUB;шт;;2025-11-14T16:23:29.416651;https://www.elcomspb.ru/retail/electric_engines/?PAGEN_1=3;4f096b92-a6b2-4163-bbab-274a62b7a338
Элком;Производитель/поставщик;Электродвигатель 5АИ 100 L8 1,5/750 IM1081;101213553;Электродвигатели;1793.6;RUB;шт;;2025-11-14T16:23:29.452211;https://www.elcomspb.ru/retail/electric_engines/?PAGEN_1=3;4f096b92-a6b2-4163-bbab-274a62b7a338
Элком;Производитель/поставщик;Электродвигатель 5АИ 100 L8 1,5/750 IM2081;101213554;Электродвигатели;18682.8;RUB;шт;;2025-11-14T16:23:29.486861;https://www.elcomspb.ru/retail/electric_engines/?PAGEN_1=3;4f096b92-a6b2-4163-bbab-274a62b7a338
Элком;Производитель/поставщик;Электродвигатель 5АИ 100 S2 4/3000 IM1081;101213555;Электродвигатели;15675.6;RUB;шт;;2025-11-14T16:23:29.521604;https://www.elcomspb.ru/retail/electric_engines/?PAGEN_1=3;4f096b92-a6b2-4163-bbab-274a62b7a338
Элком;Производитель/поставщик;Электродвигатель 5АИ 100 S2 4/3000 IM2081;101213556;Электродвигатели;16459.2;RUB;шт;;2025-11-14T16:23:29.556405;https://www.elcomspb.ru/retail/electric_engines/?PAGEN_1=3;4f096b92-a6b2-4163-bbab-274a62b7a338
Элком;Производитель/поставщик;Электродвигатель 5АИ 315 S8 90/750 IM1001;101213558;Электродвигатели;401878.8;RUB;шт;;2025-11-14T16:23:29.626103;https://www.elcomspb.ru/retail/electric_engines/?PAGEN_1=3;4f096b92-a6b2-4163-bbab-274a62b7a338
Элком;Производитель/поставщик;Электродвигатель 5АИ 63 А4 0,25/1500 IM2081;101213559;Электродвигатели;5342.4;RUB;шт;;2025-11-14T16:23:29.660587;https://www.elcomspb.ru/retail/electric_engines/?PAGEN_1=3;4f096b92-a6b2-4163-bbab-274a62b7a338
Элком;Производитель/поставщик;Электродвигатель 5АИ 315 М2 200/3000 IM1001;101213560;Электродвигатели;489519.2;RUB;шт;;2025-11-14T16:23:29.702280;https://www.elcomspb.ru/retail/electric_engines/?PAGEN_1=3;4f096b92-a6b2-4163-bbab-274a62b7a338
Элком;Производитель/поставщик;Электродвигатель 5АИ 315 М8 110/750 IM1001;101213561;Электродвигатели;488558.4;RUB;шт;;2025-11-14T16:23:37.300057;https://www.elcomspb.ru/retail/electric_engines/?PAGEN_1=4;4f096b92-a6b2-4163-bbab-274a62b7a338
Элком;Производитель/поставщик;Электродвигатель 5АИ 355 М6 200/1000 IM1001;101213562;Электродвигатели;749296.8;RUB;шт;;2025-11-14T16:23:37.501801;https://www.elcomspb.ru/retail/electric_engines/?PAGEN_1=4;4f096b92-a6b2-4163-bbab-274a62b7a338
Элком;Производитель/поставщик;Электродвигатель 5АИ 355 М8 160/750 IM1001;101213563;Электродвигатели;781809.6;RUB;шт;;2025-11-14T16:23:37.536502;https://www.elcomspb.ru/retail/electric_engines/?PAGEN_1=4;4f096b92-a6b2-4163-bbab-274a62b7a338
Элком;Производитель/поставщик;Электродвигатель 5АИ 100 L2 5,5/3000 IM1081;101213567;Электродвигатели;17914.8;RUB;шт;;2025-11-14T16:23:37.613273;https://www.elcomspb.ru/retail/electric_engines/?PAGEN_1=4;4f096b92-a6b2-4163-bbab-274a62b7a338
Элком;Производитель/поставщик;Электродвигатель 5АИ 160 S2 15/3000 IM1001;101213569;Электродвигатели;46987.2;RUB;шт;;2025-11-14T16:23:37.654906;https://www.elcomspb.ru/retail/electric_engines/?PAGEN_1=4;4f096b92-a6b2-4163-bbab-274a62b7a338
Элком;Производитель/поставщик;Электродвигатель 5АИ 160 S2 15/3000 IM2001;101213570;Электродвигатели;49336.8;RUB;шт;;2025-11-14T16:23:37.689443;https://www.elcomspb.ru/retail/electric_engines/?PAGEN_1=4;4f096b92-a6b2-4163-bbab-274a62b7a338
Элком;Производитель/поставщик;Электродвигатель 5АИ 180 М4 30/1500 IM1001;101213592;Электродвигатели;82663.2;RUB;шт;;2025-11-14T16:23:37.724398;https://www.elcomspb.ru/retail/electric_engines/?PAGEN_1=4;4f096b92-a6b2-4163-bbab-274a62b7a338
Элком;Производитель/поставщик;Электродвигатель 5АИ 180 М4 30/1500 IM2001;101213593;Электродвигатели;86796.0;RUB;шт;;2025-11-14T16:23:37.771615;https://www.elcomspb.ru/retail/electric_engines/?PAGEN_1=4;4f096b92-a6b2-4163-bbab-274a62b7a338
Элком;Производитель/поставщик;Электродвигатель 5АИ 100 L6 2,2/1000 IM1081;101213619;Электродвигатели;17134.8;RUB;шт;;2025-11-14T16:23:37.799305;https://www.elcomspb.ru/retail/electric_engines/?PAGEN_1=4;4f096b92-a6b2-4163-bbab-274a62b7a338
Элком;Производитель/поставщик;Электродвигатель 5АИ 100 L6 2,2/1000 IM2081;101213620;Электродвигатели;17990.4;RUB;шт;;2025-11-14T16:23:37.841972;https://www.elcomspb.ru/retail/electric_engines/?PAGEN_1=4;4f096b92-a6b2-4163-bbab-274a62b7a338
Элком;Производитель/поставщик;Электродвигатель 5АИ 71 А2 0,75/3000 IM1081;101213622;Электродвигатели;6148.8;RUB;шт;;2025-11-14T16:23:37.916276;https://www.elcomspb.ru/retail/electric_engines/?PAGEN_1=4;4f096b92-a6b2-4163-bbab-274a62b7a338
Элком;Производитель/поставщик;Электродвигатель 5АИ 71 А2 0,75/3000 IM2081;101213623;Электродвигатели;6456.0;RUB;шт;;2025-11-14T16:23:37.945105;https://www.elcomspb.ru/retail/electric_engines/?PAGEN_1=4;4f096b92-a6b2-4163-bbab-274a62b7a338
Элком;Производитель/поставщик;Электродвигатель 5АИ 71 А6 0,37/1000 IM1081;101213624;Электродвигатели;7435.2;RUB;шт;;2025-11-14T16:23:37.979518;https://www.elcomspb.ru/retail/electric_engines/?PAGEN_1=4;4f096b92-a6b2-4163-bbab-274a62b7a338
Элком;Производитель/поставщик;Электродвигатель 5АИ 71 А6 0,37/1000 IM2081;101213625;Электродвигатели;7806.0;RUB;шт;;2025-11-14T16:23:38.014356;https://www.elcomspb.ru/retail/electric_engines/?PAGEN_1=4;4f096b92-a6b2-4163-bbab-274a62b7a338
Элком;Производитель/поставщик;Электродвигатель 5АИ 71 В2 1,1/3000 IM1081;101213626;Электродвигатели;7125.6;RUB;шт;;2025-11-14T16:23:38.057346;https://www.elcomspb.ru/retail/electric_engines/?PAGEN_1=4;4f096b92-a6b2-4163-bbab-274a62b7a338
Элком;Производитель/поставщик;Электродвигатель 5АИ 71 В2 1,1/3000 IM2081;101213627;Электродвигатели;7480.8;RUB;шт;;2025-11-14T16:23:38.103769;https://www.elcomspb.ru/retail/electric_engines/?PAGEN_1=4;4f096b92-a6b2-4163-bbab-274a62b7a338
Элком;Производитель/поставщик;Электродвигатель 5АИ 112 МА6 3/1000 IM1081;101213628;Электродвигатели;21070.8;RUB;шт;;2025-11-14T16:23:38.146266;https://www.elcomspb.ru/retail/electric_engines/?PAGEN_1=4;4f096b92-a6b2-4163-bbab-274a62b7a338
Элком;Производитель/поставщик;Электродвигатель 5АИ 112 МА6 3/1000 IM2081;101213629;Электродвигатели;22124.4;RUB;шт;;2025-11-14T16:23:38.187092;https://www.elcomspb.ru/retail/electric_engines/?PAGEN_1=4;4f096b92-a6b2-4163-bbab-274a62b7a338
Элком;Производитель/поставщик;Электродвигатель 5АИ 132 М2 11/3000 IM1081;101213631;Электродвигатели;31118.4;RUB;шт;;2025-11-14T16:23:38.249563;https://www.elcomspb.ru/retail/electric_engines/?PAGEN_1=4;4f096b92-a6b2-4163-bbab-274a62b7a338
Элком;Производитель/поставщик;Электродвигатель 5АИ 132 М2 11/3000 IM2081;101213633;Электродвигатели;32673.6;RUB;шт;;2025-11-14T16:23:38.320062;https://www.elcomspb.ru/retail/electric_engines/?PAGEN_1=4;4f096b92-a6b2-4163-bbab-274a62b7a338
Элком;Производитель/поставщик;Электродвигатель 5АИ 132 М4 11/1500 IM1081;101213634;Электродвигатели;37890.0;RUB;шт;;2025-11-14T16:23:44.014530;https://www.elcomspb.ru/retail/electric_engines/?PAGEN_1=5;4f096b92-a6b2-4163-bbab-274a62b7a338
Элком;Производитель/поставщик;Электродвигатель 5АИ 132 М4 11/1500 IM2081;101213638;Электродвигатели;39784.8;RUB;шт;;2025-11-14T16:23:44.201899;https://www.elcomspb.ru/retail/electric_engines/?PAGEN_1=5;4f096b92-a6b2-4163-bbab-274a62b7a338
Элком;Производитель/поставщик;Электродвигатель 5АИ 200 L2 45/3000 IM1001;101213642;Электродвигатели;115443.6;RUB;шт;;2025-11-14T16:23:44.222851;https://www.elcomspb.ru/retail/electric_engines/?PAGEN_1=5;4f096b92-a6b2-4163-bbab-274a62b7a338
Элком;Производитель/поставщик;Электродвигатель 5АИ 200 L2 45/3000 IM2001;101213644;Электродвигатели;121216.8;RUB;шт;;2025-11-14T16:23:44.243645;https://www.elcomspb.ru/retail/electric_engines/?PAGEN_1=5;4f096b92-a6b2-4163-bbab-274a62b7a338
Элком;Производитель/поставщик;Электродвигатель 5АИ 200 L4 45/1500 IM1001;101213645;Электродвигатели;122456.4;RUB;шт;;2025-11-14T16:23:44.258732;https://www.elcomspb.ru/retail/electric_engines/?PAGEN_1=5;4f096b92-a6b2-4163-bbab-274a62b7a338
Элком;Производитель/поставщик;Электродвигатель 5АИ 200 L4 45/1500 IM2001;101213647;Электродвигатели;128580.0;RUB;шт;;2025-11-14T16:23:44.277440;https://www.elcomspb.ru/retail/electric_engines/?PAGEN_1=5;4f096b92-a6b2-4163-bbab-274a62b7a338
Элком;Производитель/поставщик;Электродвигатель 5АИ 180 М6 18,5/1000 IM1001;101213648;Электродвигатели;73250.4;RUB;шт;;2025-11-14T16:23:44.298408;https://www.elcomspb.ru/retail/electric_engines/?PAGEN_1=5;4f096b92-a6b2-4163-bbab-274a62b7a338
Элком;Производитель/поставщик;Электродвигатель 5АИ 200 L6 30/1000 IM1001;101213649;Электродвигатели;105446.4;RUB;шт;;2025-11-14T16:23:44.319303;https://www.elcomspb.ru/retail/electric_engines/?PAGEN_1=5;4f096b92-a6b2-4163-bbab-274a62b7a338
Элком;Производитель/поставщик;Электродвигатель 5АИ 200 L6 30/1000 IM2001;101213650;Электродвигатели;110718.0;RUB;шт;;2025-11-14T16:23:44.333168;https://www.elcomspb.ru/retail/electric_engines/?PAGEN_1=5;4f096b92-a6b2-4163-bbab-274a62b7a338
Элком;Производитель/поставщик;Электродвигатель 5АИ 180 М6 18,5/1000 IM2001;101213651;Электродвигатели;76912.8;RUB;шт;;2025-11-14T16:23:44.354614;https://www.elcomspb.ru/retail/electric_engines/?PAGEN_1=5;4f096b92-a6b2-4163-bbab-274a62b7a338
Элком;Производитель/поставщик;Электродвигатель 5АИ 200 L8 22/750 IM1001;101213652;Электродвигатели;109660.8;RUB;шт;;2025-11-14T16:23:44.375112;https://www.elcomspb.ru/retail/electric_engines/?PAGEN_1=5;4f096b92-a6b2-4163-bbab-274a62b7a338
Элком;Производитель/поставщик;Электродвигатель 5АИ 71 В6 0,55/1000 IM1081;101213653;Электродвигатели;7640.4;RUB;шт;;2025-11-14T16:23:44.395837;https://www.elcomspb.ru/retail/electric_engines/?PAGEN_1=5;4f096b92-a6b2-4163-bbab-274a62b7a338
Элком;Производитель/поставщик;Электродвигатель 5АИ 200 L8 22/750 IM2001;101213654;Электродвигатели;115143.6;RUB;шт;;2025-11-14T16:23:44.416499;https://www.elcomspb.ru/retail/electric_engines/?PAGEN_1=5;4f096b92-a6b2-4163-bbab-274a62b7a338
Элком;Производитель/поставщик;Электродвигатель 5АИ 200 М6 22/1000 IM1001;101213655;Электродвигатели;95635.2;RUB;шт;;2025-11-14T16:23:44.437495;https://www.elcomspb.ru/retail/electric_engines/?PAGEN_1=5;4f096b92-a6b2-4163-bbab-274a62b7a338
Элком;Производитель/поставщик;Электродвигатель 5АИ 200 М6 22/1000 IM2001;101213656;Электродвигатели;100416.0;RUB;шт;;2025-11-14T16:23:44.459133;https://www.elcomspb.ru/retail/electric_engines/?PAGEN_1=5;4f096b92-a6b2-4163-bbab-274a62b7a338
Элком;Производитель/поставщик;Электродвигатель 5АИ 200 М8 18,5/750 IM1001;101213657;Электродвигатели;110677.2;RUB;шт;;2025-11-14T16:23:44.487446;https://www.elcomspb.ru/retail/electric_engines/?PAGEN_1=5;4f096b92-a6b2-4163-bbab-274a62b7a338
Элком;Производитель/поставщик;Электродвигатель 5АИ 200 М8 18,5/750 IM2001;101213658;Электродвигатели;116210.4;RUB;шт;;2025-11-14T16:23:44.510897;https://www.elcomspb.ru/retail/electric_engines/?PAGEN_1=5;4f096b92-a6b2-4163-bbab-274a62b7a338
Элком;Производитель/поставщик;Электродвигатель 5АИ 225 М2 55/3000 IM1001;101213659;Электродвигатели;128917.2;RUB;шт;;2025-11-14T16:23:44.535516;https://www.elcomspb.ru/retail/electric_engines/?PAGEN_1=5;4f096b92-a6b2-4163-bbab-274a62b7a338
Элком;Производитель/поставщик;Электродвигатель 5АИ 225 М2 55/3000 IM2001;101213660;Электродвигатели;135362.4;RUB;шт;;2025-11-14T16:23:44.562037;https://www.elcomspb.ru/retail/electric_engines/?PAGEN_1=5;4f096b92-a6b2-4163-bbab-274a62b7a338
Элком;Производитель/поставщик;Электродвигатель 5АИ 225 М6 37/1000 IM1001;101213661;Электродвигатели;140647.2;RUB;шт;;2025-11-14T16:23:44.590166;https://www.elcomspb.ru/retail/electric_engines/?PAGEN_1=5;4f096b92-a6b2-4163-bbab-274a62b7a338
Элком;Производитель/поставщик;Электродвигатель 5АИ 225 М6 37/1000 IM2001;101213662;Электродвигатели;147680.4;RUB;шт;;2025-11-14T16:23:44.619280;https://www.elcomspb.ru/retail/electric_engines/?PAGEN_1=5;4f096b92-a6b2-4163-bbab-274a62b7a338
Элком;Производитель/поставщик;Электродвигатель 5АИ 225 М8 30/750 IM1001;101213663;Электродвигатели;136242.0;RUB;шт;;2025-11-14T16:23:44.645394;https://www.elcomspb.ru/retail/electric_engines/?PAGEN_1=5;4f096b92-a6b2-4163-bbab-274a62b7a338
Элком;Производитель/поставщик;Электродвигатель 5АИ 71 В6 0,55/1000 IM2081;101213665;Электродвигатели;8022.0;RUB;шт;;2025-11-14T16:23:44.687170;https://www.elcomspb.ru/retail/electric_engines/?PAGEN_1=5;4f096b92-a6b2-4163-bbab-274a62b7a338
Элком;Производитель/поставщик;Электродвигатель 5АИ 100 S4 3/1500 IM1081;101213667;Электродвигатели;16366.8;RUB;шт;;2025-11-14T16:23:52.341786;https://www.elcomspb.ru/retail/electric_engines/?PAGEN_1=6;4f096b92-a6b2-4163-bbab-274a62b7a338
Элком;Производитель/поставщик;Электродвигатель 5АИ 100 L2 5,5/3000 IM2081;101213678;Электродвигатели;18811.2;RUB;шт;;2025-11-14T16:23:52.619643;https://www.elcomspb.ru/retail/electric_engines/?PAGEN_1=6;4f096b92-a6b2-4163-bbab-274a62b7a338
Элком;Производитель/поставщик;Электродвигатель 5АИ 100 L4 4/1500 IM1081;101213680;Электродвигатели;18477.6;RUB;шт;;2025-11-14T16:23:52.661056;https://www.elcomspb.ru/retail/electric_engines/?PAGEN_1=6;4f096b92-a6b2-4163-bbab-274a62b7a338
Элком;Производитель/поставщик;Электродвигатель 5АИ 100 L4 4/1500 IM2081;101213681;Электродвигатели;19401.6;RUB;шт;;2025-11-14T16:23:52.681435;https://www.elcomspb.ru/retail/electric_engines/?PAGEN_1=6;4f096b92-a6b2-4163-bbab-274a62b7a338
Элком;Производитель/поставщик;Электродвигатель 5АИ 112 М4 5,5/1500 IM1081;101213683;Электродвигатели;22393.2;RUB;шт;;2025-11-14T16:23:52.716618;https://www.elcomspb.ru/retail/electric_engines/?PAGEN_1=6;4f096b92-a6b2-4163-bbab-274a62b7a338
Элком;Производитель/поставщик;Электродвигатель 5АИ 112 М4 5,5/1500 IM2081;101213684;Электродвигатели;23512.8;RUB;шт;;2025-11-14T16:23:52.736499;https://www.elcomspb.ru/retail/electric_engines/?PAGEN_1=6;4f096b92-a6b2-4163-bbab-274a62b7a338
Элком;Производитель/поставщик;Электродвигатель 5АИ 132 S6 5,5/1000 IM1081;101213686;Электродвигатели;30975.6;RUB;шт;;2025-11-14T16:23:52.757102;https://www.elcomspb.ru/retail/electric_engines/?PAGEN_1=6;4f096b92-a6b2-4163-bbab-274a62b7a338
Элком;Производитель/поставщик;Электродвигатель 5АИ 132 S6 5,5/1000 IM2081;101213687;Электродвигатели;32524.8;RUB;шт;;2025-11-14T16:23:52.770396;https://www.elcomspb.ru/retail/electric_engines/?PAGEN_1=6;4f096b92-a6b2-4163-bbab-274a62b7a338
Элком;Производитель/поставщик;Электродвигатель 5АИ 160 S4 15/1500 IM1001;101213688;Электродвигатели;51079.2;RUB;шт;;2025-11-14T16:23:52.792242;https://www.elcomspb.ru/retail/electric_engines/?PAGEN_1=6;4f096b92-a6b2-4163-bbab-274a62b7a338
Элком;Производитель/поставщик;Электродвигатель 5АИ 160 S4 15/1500 IM2001;101213689;Электродвигатели;53634.0;RUB;шт;;2025-11-14T16:23:52.808372;https://www.elcomspb.ru/retail/electric_engines/?PAGEN_1=6;4f096b92-a6b2-4163-bbab-274a62b7a338
Элком;Производитель/поставщик;Электродвигатель 5АИ 160 S6 11/1000 IM1001;101213690;Электродвигатели;51886.8;RUB;шт;;2025-11-14T16:23:52.832382;https://www.elcomspb.ru/retail/electric_engines/?PAGEN_1=6;4f096b92-a6b2-4163-bbab-274a62b7a338
Элком;Производитель/поставщик;Электродвигатель 5АИ 160 S6 11/1000 IM2001;101213691;Электродвигатели;54481.2;RUB;шт;;2025-11-14T16:23:52.848368;https://www.elcomspb.ru/retail/electric_engines/?PAGEN_1=6;4f096b92-a6b2-4163-bbab-274a62b7a338
Элком;Производитель/поставщик;Электродвигатель 5АИ 160 М2 18,5/3000 IM1001;101213692;Электродвигатели;53181.6;RUB;шт;;2025-11-14T16:23:52.872664;https://www.elcomspb.ru/retail/electric_engines/?PAGEN_1=6;4f096b92-a6b2-4163-bbab-274a62b7a338
Элком;Производитель/поставщик;Электродвигатель 5АИ 180 S2 22/3000 IM1001;101213693;Электродвигатели;68888.4;RUB;шт;;2025-11-14T16:23:52.896632;https://www.elcomspb.ru/retail/electric_engines/?PAGEN_1=6;4f096b92-a6b2-4163-bbab-274a62b7a338
Элком;Производитель/поставщик;Электродвигатель 5АИ 180 S2 22/3000 IM2001;101213694;Электродвигатели;72332.4;RUB;шт;;2025-11-14T16:23:52.917054;https://www.elcomspb.ru/retail/electric_engines/?PAGEN_1=6;4f096b92-a6b2-4163-bbab-274a62b7a338
Элком;Производитель/поставщик;Электродвигатель 5АИ 180 S4 22/1500 IM1001;101213695;Электродвигатели;71035.2;RUB;шт;;2025-11-14T16:23:52.941066;https://www.elcomspb.ru/retail/electric_engines/?PAGEN_1=6;4f096b92-a6b2-4163-bbab-274a62b7a338
Элком;Производитель/поставщик;Электродвигатель 5АИ 180 S4 22/1500 IM2001;101213696;Электродвигатели;74587.2;RUB;шт;;2025-11-14T16:23:52.965058;https://www.elcomspb.ru/retail/electric_engines/?PAGEN_1=6;4f096b92-a6b2-4163-bbab-274a62b7a338
Элком;Производитель/поставщик;Электродвигатель 5АИ 160 М2 18,5/3000 IM2001;101213697;Электродвигатели;55839.6;RUB;шт;;2025-11-14T16:24:01.056721;https://www.elcomspb.ru/retail/electric_engines/?PAGEN_1=7;4f096b92-a6b2-4163-bbab-274a62b7a338
Элком;Производитель/поставщик;Электродвигатель 5АИ 160 М4 18,5/1500 IM1001;101213698;Электродвигатели;57937.2;RUB;шт;;2025-11-14T16:24:01.235737;https://www.elcomspb.ru/retail/electric_engines/?PAGEN_1=7;4f096b92-a6b2-4163-bbab-274a62b7a338
Элком;Производитель/поставщик;Электродвигатель 5АИ 160 М6 15/1000 IM1001;101213700;Электродвигатели;57798.0;RUB;шт;;2025-11-14T16:24:01.270564;https://www.elcomspb.ru/retail/electric_engines/?PAGEN_1=7;4f096b92-a6b2-4163-bbab-274a62b7a338
Элком;Производитель/поставщик;Электродвигатель 5АИ 160 М6 15/1000 IM2001;101213701;Электродвигатели;60687.6;RUB;шт;;2025-11-14T16:24:01.291313;https://www.elcomspb.ru/retail/electric_engines/?PAGEN_1=7;4f096b92-a6b2-4163-bbab-274a62b7a338
Элком;Производитель/поставщик;Электродвигатель 5АИ 160 М8 11/750 IM1001;101213702;Электродвигатели;54649.2;RUB;шт;;2025-11-14T16:24:01.305197;https://www.elcomspb.ru/retail/electric_engines/?PAGEN_1=7;4f096b92-a6b2-4163-bbab-274a62b7a338
Элком;Производитель/поставщик;Электродвигатель 5АИ 160 М8 11/750 IM2001;101213703;Электродвигатели;57381.6;RUB;шт;;2025-11-14T16:24:01.325876;https://www.elcomspb.ru/retail/electric_engines/?PAGEN_1=7;4f096b92-a6b2-4163-bbab-274a62b7a338
Элком;Производитель/поставщик;Электродвигатель 5АИ 280 S2 110/3000 IM1001;101213706;Электродвигатели;232074.0;RUB;шт;;2025-11-14T16:24:01.339775;https://www.elcomspb.ru/retail/electric_engines/?PAGEN_1=7;4f096b92-a6b2-4163-bbab-274a62b7a338
Элком;Производитель/поставщик;Электродвигатель 5АИ 280 S8 55/750 IM1001;101213707;Электродвигатели;228997.2;RUB;шт;;2025-11-14T16:24:01.360617;https://www.elcomspb.ru/retail/electric_engines/?PAGEN_1=7;4f096b92-a6b2-4163-bbab-274a62b7a338
Элком;Производитель/поставщик;Электродвигатель 5АИ 63 В6 0,25/1000 IM1081;101213713;Электродвигатели;6354.0;RUB;шт;;2025-11-14T16:24:01.559813;https://www.elcomspb.ru/retail/electric_engines/?PAGEN_1=7;4f096b92-a6b2-4163-bbab-274a62b7a338
Элком;Производитель/поставщик;Электродвигатель 5АИ 112 МВ6 4/1000 IM1081;101213716;Электродвигатели;22929.6;RUB;шт;;2025-11-14T16:24:01.611596;https://www.elcomspb.ru/retail/electric_engines/?PAGEN_1=7;4f096b92-a6b2-4163-bbab-274a62b7a338
Элком;Производитель/поставщик;Электродвигатель 5АИ 112 МВ6 4/1000 IM2081;101213717;Электродвигатели;24075.6;RUB;шт;;2025-11-14T16:24:01.646135;https://www.elcomspb.ru/retail/electric_engines/?PAGEN_1=7;4f096b92-a6b2-4163-bbab-274a62b7a338
Элком;Производитель/поставщик;Электродвигатель 5АИ 112 МА8 2,2/750 IM1081;101213718;Электродвигатели;21044.4;RUB;шт;;2025-11-14T16:24:01.674166;https://www.elcomspb.ru/retail/electric_engines/?PAGEN_1=7;4f096b92-a6b2-4163-bbab-274a62b7a338
Элком;Производитель/поставщик;Электродвигатель 5АИ 112 МА8 2,2/750 IM2081;101213719;Электродвигатели;22096.8;RUB;шт;;2025-11-14T16:24:01.714746;https://www.elcomspb.ru/retail/electric_engines/?PAGEN_1=7;4f096b92-a6b2-4163-bbab-274a62b7a338
Элком;Производитель/поставщик;Электродвигатель 5АИ 112 МВ8 3/750 IM1081;101213720;Электродвигатели;23754.0;RUB;шт;;2025-11-14T16:24:01.750437;https://www.elcomspb.ru/retail/electric_engines/?PAGEN_1=7;4f096b92-a6b2-4163-bbab-274a62b7a338
Элком;Производитель/поставщик;Электродвигатель 5АИ 132 S8 4/750 IM1081;101213744;Электродвигатели;28201.2;RUB;шт;;2025-11-14T16:24:01.784931;https://www.elcomspb.ru/retail/electric_engines/?PAGEN_1=7;4f096b92-a6b2-4163-bbab-274a62b7a338
Элком;Производитель/поставщик;Электродвигатель 5АИ 132 S8 4/750 IM2081;101213745;Электродвигатели;29611.2;RUB;шт;;2025-11-14T16:24:01.818979;https://www.elcomspb.ru/retail/electric_engines/?PAGEN_1=7;4f096b92-a6b2-4163-bbab-274a62b7a338
Элком;Производитель/поставщик;Электродвигатель 5АИ 132 М8 5,5/750 IM1081;101213746;Электродвигатели;33337.2;RUB;шт;;2025-11-14T16:24:01.833637;https://www.elcomspb.ru/retail/electric_engines/?PAGEN_1=7;4f096b92-a6b2-4163-bbab-274a62b7a338
Элком;Производитель/поставщик;Электродвигатель 5АИ 132 М8 5,5/750 IM2081;101213747;Электродвигатели;35004.0;RUB;шт;;2025-11-14T16:24:01.861576;https://www.elcomspb.ru/retail/electric_engines/?PAGEN_1=7;4f096b92-a6b2-4163-bbab-274a62b7a338
Элком;Производитель/поставщик;Электродвигатель 5АИ 180 М8 15/750 IM1001;101213748;Электродвигатели;78301.2;RUB;шт;;2025-11-14T16:24:09.214509;https://www.elcomspb.ru/retail/electric_engines/?PAGEN_1=8;4f096b92-a6b2-4163-bbab-274a62b7a338
Элком;Производитель/поставщик;Электродвигатель 5АИ 250 М2 90/3000 IM1001;101213752;Электродвигатели;194060.4;RUB;шт;;2025-11-14T16:24:09.424354;https://www.elcomspb.ru/retail/electric_engines/?PAGEN_1=8;4f096b92-a6b2-4163-bbab-274a62b7a338
Элком;Производитель/поставщик;Электродвигатель 5АИ 250 М2 90/3000 IM2001;101213753;Электродвигатели;203763.6;RUB;шт;;2025-11-14T16:24:09.459724;https://www.elcomspb.ru/retail/electric_engines/?PAGEN_1=8;4f096b92-a6b2-4163-bbab-274a62b7a338
Элком;Производитель/поставщик;Электродвигатель 5АИ 250 М4 90/1500 IM1001;101213754;Электродвигатели;206529.6;RUB;шт;;2025-11-14T16:24:09.480577;https://www.elcomspb.ru/retail/electric_engines/?PAGEN_1=8;4f096b92-a6b2-4163-bbab-274a62b7a338
Элком;Производитель/поставщик;Электродвигатель 5АИ 250 М4 90/1500 IM2001;101213755;Электродвигатели;216856.8;RUB;шт;;2025-11-14T16:24:09.501029;https://www.elcomspb.ru/retail/electric_engines/?PAGEN_1=8;4f096b92-a6b2-4163-bbab-274a62b7a338
Элком;Производитель/поставщик;Электродвигатель 5АИ 250 S6 45/1000 IM1001;101213756;Электродвигатели;157958.4;RUB;шт;;2025-11-14T16:24:09.522097;https://www.elcomspb.ru/retail/electric_engines/?PAGEN_1=8;4f096b92-a6b2-4163-bbab-274a62b7a338
Элком;Производитель/поставщик;Электродвигатель 5АИ 250 М6 55/1000 IM1001;101213758;Электродвигатели;181917.6;RUB;шт;;2025-11-14T16:24:09.563830;https://www.elcomspb.ru/retail/electric_engines/?PAGEN_1=8;4f096b92-a6b2-4163-bbab-274a62b7a338
Элком;Производитель/поставщик;Электродвигатель 5АИ 250 М6 55/1000 IM2001;101213759;Электродвигатели;192013.6;RUB;г;;2025-11-14T16:24:09.584778;https://www.elcomspb.ru/retail/electric_engines/?PAGEN_1=8;4f096b92-a6b2-4163-bbab-274a62b7a338
Элком;Производитель/поставщик;Электродвигатель 5АИ 250 S8 37/750 IM1001;101213760;Электродвигатели;172449.6;RUB;шт;;2025-11-14T16:24:09.605174;https://www.elcomspb.ru/retail/electric_engines/?PAGEN_1=8;4f096b92-a6b2-4163-bbab-274a62b7a338
Элком;Производитель/поставщик;Электродвигатель 5АИ 250 М8 45/750 IM2001;101213761;Электродвигатели;220357.2;RUB;шт;;2025-11-14T16:24:09.632941;https://www.elcomspb.ru/retail/electric_engines/?PAGEN_1=8;4f096b92-a6b2-4163-bbab-274a62b7a338
Элком;Производитель/поставщик;Электродвигатель 5АИ 250 М8 45/750 IM1001;101213762;Электродвигатели;209864.4;RUB;шт;;2025-11-14T16:24:09.654156;https://www.elcomspb.ru/retail/electric_engines/?PAGEN_1=8;4f096b92-a6b2-4163-bbab-274a62b7a338
Элком;Производитель/поставщик;Электродвигатель 5АИ 280 S4 110/1500 IM1001;101213763;Электродвигатели;273993.6;RUB;шт;;2025-11-14T16:24:09.670157;https://www.elcomspb.ru/retail/electric_engines/?PAGEN_1=8;4f096b92-a6b2-4163-bbab-274a62b7a338
Элком;Производитель/поставщик;Электродвигатель 5АИ 280 S6 75/1000 IM1001;101213764;Электродвигатели;231645.6;RUB;шт;;2025-11-14T16:24:09.695513;https://www.elcomspb.ru/retail/electric_engines/?PAGEN_1=8;4f096b92-a6b2-4163-bbab-274a62b7a338
Элком;Производитель/поставщик;Электродвигатель 5АИ 280 М2 132/3000 IM1001;101213765;Электродвигатели;312126.0;RUB;шт;;2025-11-14T16:24:09.751095;https://www.elcomspb.ru/retail/electric_engines/?PAGEN_1=8;4f096b92-a6b2-4163-bbab-274a62b7a338
Элком;Производитель/поставщик;Электродвигатель 5АИ 280 М4 132/1500 IM1001;101213766;Электродвигатели;302259.6;RUB;шт;;2025-11-14T16:24:09.779346;https://www.elcomspb.ru/retail/electric_engines/?PAGEN_1=8;4f096b92-a6b2-4163-bbab-274a62b7a338
Элком;Производитель/поставщик;Электродвигатель 5АИ 280 М8 75/750 IM1001;101213768;Электродвигатели;275313.6;RUB;шт;;2025-11-14T16:24:09.820122;https://www.elcomspb.ru/retail/electric_engines/?PAGEN_1=8;4f096b92-a6b2-4163-bbab-274a62b7a338
Элком;Производитель/поставщик;Электродвигатель 5АИ 112 М2 7,6/3000 IM1081;101214216;Электродвигатели;22245.6;RUB;шт;;2025-11-14T16:24:09.847302;https://www.elcomspb.ru/retail/electric_engines/?PAGEN_1=8;4f096b92-a6b2-4163-bbab-274a62b7a338
Элком;Производитель/поставщик;Электродвигатель 5АИ 112 М2 7,6/3000 IM2081;101214217;Электродвигатели;23358.0;RUB;шт;;2025-11-14T16:24:09.875084;https://www.elcomspb.ru/retail/electric_engines/?PAGEN_1=8;4f096b92-a6b2-4163-bbab-274a62b7a338
Элком;Производитель/поставщик;Электродвигатель 5АИ 280 М4 132/1500 IM2001;101214243;Электродвигатели;317372.4;RUB;шт;;2025-11-14T16:24:09.896964;https://www.elcomspb.ru/retail/electric_engines/?PAGEN_1=8;4f096b92-a6b2-4163-bbab-274a62b7a338
Элком;Производитель/поставщик;Электродвигатель 5АИ 315 М10 75/600 IM1001;101214251;Электродвигатели;455049.6;RUB;шт;;2025-11-14T16:24:09.917274;https://www.elcomspb.ru/retail/electric_engines/?PAGEN_1=8;4f096b92-a6b2-4163-bbab-274a62b7a338
Элком;Производитель/поставщик;Электродвигатель 5АИ 280 М2 132/3000 IM2001;101214284;Электродвигатели;327733.2;RUB;шт;;2025-11-14T16:24:09.938102;https://www.elcomspb.ru/retail/electric_engines/?PAGEN_1=8;4f096b92-a6b2-4163-bbab-274a62b7a338
Элком;Производитель/поставщик;Электродвигатель 5АИ 132 S4 7,6/1500 IM1081;101214398;Электродвигатели;30552.0;RUB;шт;;2025-11-14T16:24:17.236591;https://www.elcomspb.ru/retail/electric_engines/?PAGEN_1=9;4f096b92-a6b2-4163-bbab-274a62b7a338
Элком;Производитель/поставщик;Электродвигатель 5АИ 132 S4 7,6/1500 IM2081;101214399;Электродвигатели;32079.6;RUB;шт;;2025-11-14T16:24:17.401974;https://www.elcomspb.ru/retail/electric_engines/?PAGEN_1=9;4f096b92-a6b2-4163-bbab-274a62b7a338
Элком;Производитель/поставщик;Электродвигатель 5АИ 160 S8 7,6/750 IM1001;101214434;Электродвигатели;48644.4;RUB;шт;;2025-11-14T16:24:17.410075;https://www.elcomspb.ru/retail/electric_engines/?PAGEN_1=9;4f096b92-a6b2-4163-bbab-274a62b7a338
Элком;Производитель/поставщик;Электродвигатель 5АИ 132 М6 7,6/1000 IM1081;101214564;Электродвигатели;36210.0;RUB;шт;;2025-11-14T16:24:17.456951;https://www.elcomspb.ru/retail/electric_engines/?PAGEN_1=9;4f096b92-a6b2-4163-bbab-274a62b7a338
Элком;Производитель/поставщик;Электродвигатель 5АИ 132 М6 7,6/1000 IM2081;101214565;Электродвигатели;38020.8;RUB;шт;;2025-11-14T16:24:17.472447;https://www.elcomspb.ru/retail/electric_engines/?PAGEN_1=9;4f096b92-a6b2-4163-bbab-274a62b7a338
Элком;Производитель/поставщик;Электродвигатель 5АИ 250 S8 37/750 IM2001;101214884;Электродвигатели;181071.6;RUB;шт;;2025-11-14T16:24:17.488075;https://www.elcomspb.ru/retail/electric_engines/?PAGEN_1=9;4f096b92-a6b2-4163-bbab-274a62b7a338
Элком;Производитель/поставщик;Электродвигатель 5АИ 112 М2Ж 7,6/3000 IM2089;101215098;Электродвигатели;21158.4;RUB;шт;;2025-11-14T16:24:17.503699;https://www.elcomspb.ru/retail/electric_engines/?PAGEN_1=9;4f096b92-a6b2-4163-bbab-274a62b7a338
Элком;Производитель/поставщик;Электродвигатель 5АИ 80 В2Ж 2,2/3000 IM2081;101216690;Электродвигатели;12004.8;RUB;шт;;2025-11-14T16:24:17.692926;https://www.elcomspb.ru/retail/electric_engines/?PAGEN_1=9;4f096b92-a6b2-4163-bbab-274a62b7a338
Элком;Производитель/поставщик;Электродвигатель 5АИ 100 L2Ж 5,5/3000 IM2081;101216693;Электродвигатели;20482.8;RUB;шт;;2025-11-14T16:24:17.722225;https://www.elcomspb.ru/retail/electric_engines/?PAGEN_1=9;4f096b92-a6b2-4163-bbab-274a62b7a338
Элком;Производитель/поставщик;Электродвигатель 5АИ 100 S2Ж 4/3000 IM2081;101216694;Электродвигатели;18988.8;RUB;шт;;2025-11-14T16:24:17.743029;https://www.elcomspb.ru/retail/electric_engines/?PAGEN_1=9;4f096b92-a6b2-4163-bbab-274a62b7a338
Элком;Производитель/поставщик;Электродвигатель 5АИ 355 М2 315/3000 IM1001;101220134;Электродвигатели;792136.8;RUB;шт;;2025-11-14T16:24:17.812762;https://www.elcomspb.ru/retail/electric_engines/?PAGEN_1=9;4f096b92-a6b2-4163-bbab-274a62b7a338
Элком;Производитель/поставщик;Электродвигатель 5АИ 250 S2 76/3000 IM1001;101220399;Электродвигатели;166893.6;RUB;шт;;2025-11-14T16:24:17.840399;https://www.elcomspb.ru/retail/electric_engines/?PAGEN_1=9;4f096b92-a6b2-4163-bbab-274a62b7a338
Элком;Производитель/поставщик;Электродвигатель 5АИ 250 S2 76/3000 IM2001;101220400;Электродвигатели;175238.4;RUB;шт;;2025-11-14T16:24:17.868753;https://www.elcomspb.ru/retail/electric_engines/?PAGEN_1=9;4f096b92-a6b2-4163-bbab-274a62b7a338
Элком;Производитель/поставщик;Электродвигатель 5АИ 250 S4 76/1500 IM1001;101220401;Электродвигатели;177019.2;RUB;шт;;2025-11-14T16:24:17.889260;https://www.elcomspb.ru/retail/electric_engines/?PAGEN_1=9;4f096b92-a6b2-4163-bbab-274a62b7a338
Элком;Производитель/поставщик;Электродвигатель 5АИ 250 S4 76/1500 IM2001;101220402;Электродвигатели;185870.4;RUB;шт;;2025-11-14T16:24:25.355042;https://www.elcomspb.ru/retail/electric_engines/?PAGEN_1=10;4f096b92-a6b2-4163-bbab-274a62b7a338
Элком;Производитель/поставщик;Электродвигатель 5АИ 50 МА2 0,09/3000 IM1081;101222863;Электродвигатели;3782.4;RUB;шт;;2025-11-14T16:24:25.645810;https://www.elcomspb.ru/retail/electric_engines/?PAGEN_1=10;4f096b92-a6b2-4163-bbab-274a62b7a338
Элком;Производитель/поставщик;Электродвигатель 5АИ 50 МА2 0,09/3000 IM2181;101222864;Электродвигатели;3970.8;RUB;шт;;2025-11-14T16:24:25.660673;https://www.elcomspb.ru/retail/electric_engines/?PAGEN_1=10;4f096b92-a6b2-4163-bbab-274a62b7a338
Элком;Производитель/поставщик;Электродвигатель 5АИ 50 МВ2 0,12/3000 IM1081;101222866;Электродвигатели;3566.4;RUB;шт;;2025-11-14T16:24:25.681635;https://www.elcomspb.ru/retail/electric_engines/?PAGEN_1=10;4f096b92-a6b2-4163-bbab-274a62b7a338
Элком;Производитель/поставщик;Электродвигатель 5АИ 50 МВ2 0,12/3000 IM2181;101222867;Электродвигатели;3744.0;RUB;шт;;2025-11-14T16:24:25.701992;https://www.elcomspb.ru/retail/electric_engines/?PAGEN_1=10;4f096b92-a6b2-4163-bbab-274a62b7a338
Элком;Производитель/поставщик;Электродвигатель 5АИ 50 МА4 0,06/1500 IM1081;101222869;Электродвигатели;3555.6;RUB;шт;;2025-11-14T16:24:25.744016;https://www.elcomspb.ru/retail/electric_engines/?PAGEN_1=10;4f096b92-a6b2-4163-bbab-274a62b7a338
Элком;Производитель/поставщик;Электродвигатель 5АИ 50 МА4 0,06/1500 IM2081;101222870;Электродвигатели;3734.4;RUB;шт;;2025-11-14T16:24:25.763114;https://www.elcomspb.ru/retail/electric_engines/?PAGEN_1=10;4f096b92-a6b2-4163-bbab-274a62b7a338
Элком;Производитель/поставщик;Электродвигатель ESQ 63 B4-SDN- 0,18/1500 IMB35;105219805;Электродвигатели;5235.6;RUB;шт;;2025-11-14T16:24:25.799606;https://www.elcomspb.ru/retail/electric_engines/?PAGEN_1=10;4f096b92-a6b2-4163-bbab-274a62b7a338
Элком;Производитель/поставщик;Электродвигатель ESQ 71 A4-SDN- 0,25/1500 IMB35;105219806;Электродвигатели;6321.6;RUB;шт;;2025-11-14T16:24:25.820525;https://www.elcomspb.ru/retail/electric_engines/?PAGEN_1=10;4f096b92-a6b2-4163-bbab-274a62b7a338
Элком;Производитель/поставщик;Электродвигатель ESQ 71 B4-SDN- 0,37/1500 IMB35;105219807;Электродвигатели;6926.4;RUB;шт;;2025-11-14T16:24:25.841238;https://www.elcomspb.ru/retail/electric_engines/?PAGEN_1=10;4f096b92-a6b2-4163-bbab-274a62b7a338
Элком;Производитель/поставщик;Электродвигатель ESQ 80 A4-SDN- 0,55/1500 IMB35;105219808;Электродвигатели;8616.0;RUB;шт;;2025-11-14T16:24:25.861162;https://www.elcomspb.ru/retail/electric_engines/?PAGEN_1=10;4f096b92-a6b2-4163-bbab-274a62b7a338
Элком;Производитель/поставщик;Электродвигатель ESQ 80 B4-SDN- 0,75/1500 IMB35;105219809;Электродвигатели;9288.0;RUB;шт;;2025-11-14T16:24:25.875954;https://www.elcomspb.ru/retail/electric_engines/?PAGEN_1=10;4f096b92-a6b2-4163-bbab-274a62b7a338
Элком;Производитель/поставщик;Электродвигатель ESQ 90 S4-SDN- 1,1/1500 IMB35;105219810;Электродвигатели;10850.4;RUB;шт;;2025-11-14T16:24:25.896903;https://www.elcomspb.ru/retail/electric_engines/?PAGEN_1=10;4f096b92-a6b2-4163-bbab-274a62b7a338
Элком;Производитель/поставщик;Электродвигатель ESQ 100 LA4-SDN- 2,2/1500 IMB35;105219813;Электродвигатели;16959.6;RUB;шт;;2025-11-14T16:24:25.917511;https://www.elcomspb.ru/retail/electric_engines/?PAGEN_1=10;4f096b92-a6b2-4163-bbab-274a62b7a338
Элком;Производитель/поставщик;Электродвигатель ESQ 100 LB4-SDN- 3/1500 IMB35;105219814;Электродвигатели;18909.6;RUB;шт;;2025-11-14T16:24:25.938243;https://www.elcomspb.ru/retail/electric_engines/?PAGEN_1=10;4f096b92-a6b2-4163-bbab-274a62b7a338
